SlNo,State_Code,State,District_Key,District,Confirmed,Active,Recovered,Deceased,Migrated_Other,Delta_Confirmed,Delta_Active,Delta_Recovered,Delta_Deceased,District_Notes,Last_Updated
0,UN,State Unassigned,UN_Unassigned,Unassigned,7123,7123,0,0,0,709,709,0,0,,
1,AN,Andaman and Nicobar Islands,AN_Nicobars,Nicobars,0,0,0,0,0,0,0,0,0,,
2,AN,Andaman and Nicobar Islands,AN_North and Middle Andaman,North and Middle Andaman,1,0,1,0,0,0,0,0,0,,
3,AN,Andaman and Nicobar Islands,AN_South Andaman,South Andaman,32,0,32,0,0,0,0,0,0,,
0,AP,Andhra Pradesh,AP_Foreign Evacuees,Foreign Evacuees,119,118,1,0,0,7,6,1,0,,
4,AP,Andhra Pradesh,AP_Anantapur,Anantapur,231,63,164,4,0,8,6,2,0,,
5,AP,Andhra Pradesh,AP_Chittoor,Chittoor,272,70,198,4,0,8,2,4,2,,
6,AP,Andhra Pradesh,AP_East Godavari,East Godavari,250,184,64,2,0,7,-4,11,0,,
7,AP,Andhra Pradesh,AP_Guntur,Guntur,527,129,390,8,0,8,8,0,0,,
8,AP,Andhra Pradesh,AP_Krishna,Krishna,486,130,337,19,0,5,1,3,1,,
9,AP,Andhra Pradesh,AP_Kurnool,Kurnool,740,137,577,26,0,12,0,11,1,,
0,AP,Andhra Pradesh,AP_Other State,Other State,573,362,211,0,0,94,80,14,0,,
10,AP,Andhra Pradesh,AP_Prakasam,Prakasam,81,14,67,0,0,1,0,1,0,,
11,AP,Andhra Pradesh,AP_S.P.S. Nellore,S.P.S. Nellore,261,78,179,4,0,0,0,0,0,,
12,AP,Andhra Pradesh,AP_Srikakulam,Srikakulam,29,18,11,0,0,1,-1,2,0,,
13,AP,Andhra Pradesh,AP_Visakhapatnam,Visakhapatnam,107,33,73,1,0,2,2,0,0,,
14,AP,Andhra Pradesh,AP_Vizianagaram,Vizianagaram,26,13,13,0,0,0,-1,1,0,,
15,AP,Andhra Pradesh,AP_West Godavari,West Godavari,135,78,57,0,0,12,12,0,0,,
16,AP,Andhra Pradesh,AP_Y.S.R. Kadapa,Y.S.R. Kadapa,134,20,114,0,0,15,15,0,0,,
17,AR,Arunachal Pradesh,AR_Anjaw,Anjaw,0,0,0,0,0,0,0,0,0,,
18,AR,Arunachal Pradesh,AR_Changlang,Changlang,25,25,0,0,0,9,9,0,0,,
19,AR,Arunachal Pradesh,AR_East Kameng,East Kameng,0,0,0,0,0,0,0,0,0,,
20,AR,Arunachal Pradesh,AR_East Siang,East Siang,0,0,0,0,0,0,0,0,0,,
21,AR,Arunachal Pradesh,AR_Kamle,Kamle,0,0,0,0,0,0,0,0,0,,
22,AR,Arunachal Pradesh,AR_Kra Daadi,Kra Daadi,0,0,0,0,0,0,0,0,0,,
23,AR,Arunachal Pradesh,AR_Kurung Kumey,Kurung Kumey,0,0,0,0,0,0,0,0,0,,
24,AR,Arunachal Pradesh,AR_Lepa Rada,Lepa Rada,0,0,0,0,0,0,0,0,0,,
25,AR,Arunachal Pradesh,AR_Lohit,Lohit,1,0,1,0,0,0,0,0,0,,
26,AR,Arunachal Pradesh,AR_Longding,Longding,0,0,0,0,0,0,0,0,0,,
27,AR,Arunachal Pradesh,AR_Lower Dibang Valley,Lower Dibang Valley,0,0,0,0,0,0,0,0,0,,
28,AR,Arunachal Pradesh,AR_Lower Siang,Lower Siang,0,0,0,0,0,0,0,0,0,,
29,AR,Arunachal Pradesh,AR_Lower Subansiri,Lower Subansiri,0,0,0,0,0,0,0,0,0,,
30,AR,Arunachal Pradesh,AR_Namsai,Namsai,2,2,0,0,0,0,0,0,0,,
31,AR,Arunachal Pradesh,AR_Pakke Kessang,Pakke Kessang,1,1,0,0,0,0,0,0,0,,
32,AR,Arunachal Pradesh,AR_Papum Pare,Papum Pare,7,7,0,0,0,0,0,0,0,,
33,AR,Arunachal Pradesh,AR_Shi Yomi,Shi Yomi,0,0,0,0,0,0,0,0,0,,
34,AR,Arunachal Pradesh,AR_Siang,Siang,0,0,0,0,0,0,0,0,0,,
35,AR,Arunachal Pradesh,AR_Tawang,Tawang,1,1,0,0,0,0,0,0,0,,
36,AR,Arunachal Pradesh,AR_Tirap,Tirap,0,0,0,0,0,0,0,0,0,,
37,AR,Arunachal Pradesh,AR_Upper Dibang Valley,Upper Dibang Valley,0,0,0,0,0,0,0,0,0,,
38,AR,Arunachal Pradesh,AR_Upper Siang,Upper Siang,1,1,0,0,0,0,0,0,0,,
39,AR,Arunachal Pradesh,AR_Upper Subansiri,Upper Subansiri,0,0,0,0,0,0,0,0,0,,
40,AR,Arunachal Pradesh,AR_West Kameng,West Kameng,0,0,0,0,0,0,0,0,0,,
41,AR,Arunachal Pradesh,AR_West Siang,West Siang,0,0,0,0,0,0,0,0,0,,
42,AS,Assam,AS_Baksa,Baksa,7,7,0,0,0,0,0,0,0,,
43,AS,Assam,AS_Barpeta,Barpeta,43,31,12,0,0,0,0,0,0,,
44,AS,Assam,AS_Biswanath,Biswanath,40,40,0,0,0,14,14,0,0,,
45,AS,Assam,AS_Bongaigaon,Bongaigaon,6,1,5,0,0,0,0,0,0,,
46,AS,Assam,AS_Cachar,Cachar,73,13,60,0,0,1,1,0,0,,
47,AS,Assam,AS_Charaideo,Charaideo,14,14,0,0,0,0,0,0,0,,
48,AS,Assam,AS_Chirang,Chirang,32,32,0,0,0,0,0,0,0,,
49,AS,Assam,AS_Darrang,Darrang,26,26,0,0,0,13,13,0,0,,
50,AS,Assam,AS_Dhemaji,Dhemaji,18,17,1,0,0,0,0,0,0,,
51,AS,Assam,AS_Dhubri,Dhubri,103,98,5,0,0,66,66,0,0,,
52,AS,Assam,AS_Dibrugarh,Dibrugarh,42,41,1,0,0,10,10,0,0,,
53,AS,Assam,AS_Dima Hasao,Dima Hasao,38,38,0,0,0,30,30,0,0,,
54,AS,Assam,AS_Goalpara,Goalpara,39,35,4,0,0,0,0,0,0,,
55,AS,Assam,AS_Golaghat,Golaghat,207,182,25,0,0,18,14,4,0,,
56,AS,Assam,AS_Hailakandi,Hailakandi,36,35,0,1,0,0,0,0,0,,
57,AS,Assam,AS_Hojai,Hojai,79,79,0,0,0,20,20,0,0,,
58,AS,Assam,AS_Jorhat,Jorhat,23,5,18,0,0,0,0,0,0,,
59,AS,Assam,AS_Kamrup,Kamrup,95,94,1,0,0,3,3,0,0,,
60,AS,Assam,AS_Kamrup Metropolitan,Kamrup Metropolitan,377,193,181,3,0,0,0,0,0,,
61,AS,Assam,AS_Karbi Anglong,Karbi Anglong,8,8,0,0,0,0,0,0,0,,
62,AS,Assam,AS_Karimganj,Karimganj,67,65,2,0,0,7,7,0,0,,
63,AS,Assam,AS_Kokrajhar,Kokrajhar,57,57,0,0,0,0,0,0,0,,
64,AS,Assam,AS_Lakhimpur,Lakhimpur,51,45,6,0,0,3,-2,5,0,,
65,AS,Assam,AS_Majuli,Majuli,0,0,0,0,0,0,0,0,0,,
66,AS,Assam,AS_Morigaon,Morigaon,43,37,6,0,0,0,0,0,0,,
67,AS,Assam,AS_Nagaon,Nagaon,58,58,0,0,0,4,4,0,0,,
68,AS,Assam,AS_Nalbari,Nalbari,21,17,4,0,0,0,0,0,0,,
0,AS,Assam,AS_Other State,Other State,1,0,1,0,0,0,0,0,0,,
69,AS,Assam,AS_Sivasagar,Sivasagar,26,26,0,0,0,0,0,0,0,,
70,AS,Assam,AS_Sonitpur,Sonitpur,23,10,13,0,0,3,3,0,0,,
71,AS,Assam,AS_South Salmara Mankachar,South Salmara Mankachar,4,3,1,0,0,0,0,0,0,,
72,AS,Assam,AS_Tinsukia,Tinsukia,45,45,0,0,0,0,0,0,0,,
73,AS,Assam,AS_Udalguri,Udalguri,25,25,0,0,0,1,1,0,0,,
74,AS,Assam,AS_West Karbi Anglong,West Karbi Anglong,13,12,1,0,0,0,0,0,0,,
75,BR,Bihar,BR_Araria,Araria,62,50,12,0,0,3,3,0,0,,
76,BR,Bihar,BR_Arwal,Arwal,50,18,32,0,0,3,-4,7,0,,
77,BR,Bihar,BR_Aurangabad,Aurangabad,74,34,40,0,0,0,-13,13,0,,
78,BR,Bihar,BR_Banka,Banka,123,57,66,0,0,0,-7,7,0,,
79,BR,Bihar,BR_Begusarai,Begusarai,251,145,104,2,0,2,-17,19,0,,
80,BR,Bihar,BR_Bhagalpur,Bhagalpur,201,116,84,1,0,10,-3,13,0,,
81,BR,Bihar,BR_Bhojpur,Bhojpur,93,52,39,2,0,4,-1,5,0,,
82,BR,Bihar,BR_Buxar,Buxar,122,27,95,0,0,4,1,3,0,,
83,BR,Bihar,BR_Darbhanga,Darbhanga,115,72,43,0,0,11,-8,19,0,,
101,BR,Bihar,BR_East Champaran,East Champaran,115,65,49,1,0,4,-7,11,0,,
84,BR,Bihar,BR_Gaya,Gaya,91,70,21,0,0,5,4,1,0,,
85,BR,Bihar,BR_Gopalganj,Gopalganj,116,42,74,0,0,2,2,0,0,,
86,BR,Bihar,BR_Jamui,Jamui,43,24,18,1,0,1,0,0,1,,
87,BR,Bihar,BR_Jehanabad,Jehanabad,166,74,91,1,0,3,-5,8,0,,
88,BR,Bihar,BR_Kaimur,Kaimur,93,54,39,0,0,10,6,4,0,,
89,BR,Bihar,BR_Katihar,Katihar,156,107,49,0,0,6,4,2,0,,
90,BR,Bihar,BR_Khagaria,Khagaria,257,164,90,3,0,85,84,1,0,,
91,BR,Bihar,BR_Kishanganj,Kishanganj,77,62,15,0,0,1,1,0,0,,
92,BR,Bihar,BR_Lakhisarai,Lakhisarai,62,44,18,0,0,5,2,3,0,,
93,BR,Bihar,BR_Madhepura,Madhepura,93,56,36,1,0,2,1,1,0,,
94,BR,Bihar,BR_Madhubani,Madhubani,201,124,77,0,0,0,-14,14,0,,
95,BR,Bihar,BR_Munger,Munger,158,29,128,1,0,0,-1,1,0,,
96,BR,Bihar,BR_Muzaffarpur,Muzaffarpur,73,42,31,0,0,6,2,4,0,,
97,BR,Bihar,BR_Nalanda,Nalanda,111,27,83,1,0,0,-2,2,0,,
98,BR,Bihar,BR_Nawada,Nawada,97,53,44,0,0,4,3,1,0,,
100,BR,Bihar,BR_Patna,Patna,263,91,170,2,0,2,-13,15,0,,
102,BR,Bihar,BR_Purnia,Purnia,105,69,36,0,0,0,-20,20,0,,
103,BR,Bihar,BR_Rohtas,Rohtas,210,85,124,1,0,2,0,2,0,,
104,BR,Bihar,BR_Saharsa,Saharsa,73,27,46,0,0,6,6,0,0,,
105,BR,Bihar,BR_Samastipur,Samastipur,92,43,48,1,0,11,5,6,0,,
106,BR,Bihar,BR_Saran,Saran,88,59,28,1,0,7,-2,9,0,,
107,BR,Bihar,BR_Sheikhpura,Sheikhpura,107,88,19,0,0,3,-2,5,0,,
108,BR,Bihar,BR_Sheohar,Sheohar,14,6,8,0,0,4,4,0,0,,
109,BR,Bihar,BR_Sitamarhi,Sitamarhi,64,42,20,2,0,14,2,12,0,,
110,BR,Bihar,BR_Siwan,Siwan,102,48,52,2,0,2,-2,4,0,,
111,BR,Bihar,BR_Supaul,Supaul,83,50,33,0,0,0,-9,9,0,,
112,BR,Bihar,BR_Vaishali,Vaishali,73,43,28,2,0,1,1,0,0,,
99,BR,Bihar,BR_West Champaran,West Champaran,52,17,35,0,0,7,6,1,0,,
113,CH,Chandigarh,CH_Chandigarh,Chandigarh,301,82,214,5,0,0,0,0,0,,
114,CT,Chhattisgarh,CT_Balod,Balod,31,19,12,0,0,0,0,0,0,,
115,CT,Chhattisgarh,CT_Baloda Bazar,Baloda Bazar,23,16,7,0,0,0,0,0,0,,
116,CT,Chhattisgarh,CT_Balrampur,Balrampur,16,16,0,0,0,0,0,0,0,,
117,CT,Chhattisgarh,CT_Bametara,Bametara,20,14,6,0,0,0,0,0,0,,
118,CT,Chhattisgarh,CT_Bastar,Bastar,3,3,0,0,0,0,0,0,0,,
119,CT,Chhattisgarh,CT_Bijapur,Bijapur,0,0,0,0,0,0,0,0,0,,
120,CT,Chhattisgarh,CT_Bilaspur,Bilaspur,64,58,6,0,0,0,0,0,0,,
121,CT,Chhattisgarh,CT_Dakshin Bastar Dantewada,Dakshin Bastar Dantewada,0,0,0,0,0,0,0,0,0,,
122,CT,Chhattisgarh,CT_Dhamtari,Dhamtari,6,5,1,0,0,0,0,0,0,,
123,CT,Chhattisgarh,CT_Durg,Durg,13,3,10,0,0,0,0,0,0,,
124,CT,Chhattisgarh,CT_Gariaband,Gariaband,7,3,4,0,0,0,0,0,0,,
125,CT,Chhattisgarh,CT_Janjgir Champa,Janjgir Champa,16,4,12,0,0,0,0,0,0,,
126,CT,Chhattisgarh,CT_Jashpur,Jashpur,41,41,0,0,0,0,0,0,0,,
127,CT,Chhattisgarh,CT_Kabeerdham,Kabeerdham,19,7,12,0,0,0,0,0,0,,
128,CT,Chhattisgarh,CT_Kondagaon,Kondagaon,0,0,0,0,0,0,0,0,0,,
129,CT,Chhattisgarh,CT_Korba,Korba,54,22,32,0,0,0,0,0,0,,
130,CT,Chhattisgarh,CT_Koriya,Koriya,30,29,1,0,0,0,0,0,0,,
131,CT,Chhattisgarh,CT_Mahasamund,Mahasamund,20,20,0,0,0,0,0,0,0,,
132,CT,Chhattisgarh,CT_Mungeli,Mungeli,85,78,7,0,0,0,0,0,0,,
133,CT,Chhattisgarh,CT_Narayanpur,Narayanpur,0,0,0,0,0,0,0,0,0,,
134,CT,Chhattisgarh,CT_Raigarh,Raigarh,19,19,0,0,0,0,0,0,0,,
135,CT,Chhattisgarh,CT_Raipur,Raipur,18,9,8,1,0,0,0,0,0,,
136,CT,Chhattisgarh,CT_Rajnandgaon,Rajnandgaon,37,36,1,0,0,0,0,0,0,,
137,CT,Chhattisgarh,CT_Sukma,Sukma,0,0,0,0,0,0,0,0,0,,
138,CT,Chhattisgarh,CT_Surajpur,Surajpur,8,1,7,0,0,0,0,0,0,,
139,CT,Chhattisgarh,CT_Surguja,Surguja,9,8,1,0,0,0,0,0,0,,
140,CT,Chhattisgarh,CT_Uttar Bastar Kanker,Uttar Bastar Kanker,20,17,3,0,0,0,0,0,0,,
766,CT,Chhattisgarh,CT_Gaurela Pendra Marwahi,Gaurela Pendra Marwahi,3,3,0,0,0,0,0,0,0,,
144,DL,Delhi,DL_Central Delhi,Central Delhi,184,184,0,0,0,0,0,0,0,,
145,DL,Delhi,DL_East Delhi,East Delhi,38,38,0,0,0,0,0,0,0,,
146,DL,Delhi,DL_New Delhi,New Delhi,37,37,0,0,0,0,0,0,0,,
147,DL,Delhi,DL_North Delhi,North Delhi,60,60,0,0,0,0,0,0,0,,
148,DL,Delhi,DL_North East Delhi,North East Delhi,25,25,0,0,0,0,0,0,0,,
149,DL,Delhi,DL_North West Delhi,North West Delhi,32,31,0,1,0,0,0,0,0,,
150,DL,Delhi,DL_Shahdara,Shahdara,48,48,0,0,0,0,0,0,0,,
151,DL,Delhi,DL_South Delhi,South Delhi,70,70,0,0,0,0,0,0,0,,
152,DL,Delhi,DL_South East Delhi,South East Delhi,130,130,0,0,0,0,0,0,0,,
153,DL,Delhi,DL_South West Delhi,South West Delhi,42,42,0,0,0,0,0,0,0,,
154,DL,Delhi,DL_West Delhi,West Delhi,122,122,0,0,0,0,0,0,0,,
141,DN,Dadra and Nagar Haveli and Daman and Diu,DN_Dadra and Nagar Haveli,Dadra and Nagar Haveli,11,10,1,0,0,8,8,0,0,,
142,DN,Dadra and Nagar Haveli and Daman and Diu,DN_Daman,Daman,0,0,0,0,0,0,0,0,0,,
143,DN,Dadra and Nagar Haveli and Daman and Diu,DN_Diu,Diu,0,0,0,0,0,0,0,0,0,,
155,GA,Goa,GA_North Goa,North Goa,6,0,6,0,0,0,0,0,0,,
156,GA,Goa,GA_South Goa,South Goa,65,64,1,0,0,47,47,0,0,,
0,GJ,Gujarat,GJ_Other State,Other State,17,17,0,0,0,0,0,0,0,,
157,GJ,Gujarat,GJ_Ahmedabad,Ahmedabad,13063,3221,8932,910,0,290,63,205,22,,
158,GJ,Gujarat,GJ_Amreli,Amreli,10,7,2,1,0,0,0,0,0,,
159,GJ,Gujarat,GJ_Anand,Anand,102,5,87,10,0,1,1,0,0,,
160,GJ,Gujarat,GJ_Aravalli,Aravalli,113,0,106,7,0,2,2,0,0,,
161,GJ,Gujarat,GJ_Banaskantha,Banaskantha,125,23,97,5,0,10,2,8,0,,
162,GJ,Gujarat,GJ_Bharuch,Bharuch,47,10,34,3,0,3,3,0,0,,
163,GJ,Gujarat,GJ_Bhavnagar,Bhavnagar,130,18,103,9,0,4,3,0,1,,
164,GJ,Gujarat,GJ_Botad,Botad,59,4,54,1,0,0,0,0,0,,
165,GJ,Gujarat,GJ_Chhota Udaipur,Chhota Udaipur,33,10,23,0,0,0,0,0,0,,
167,GJ,Gujarat,GJ_Dahod,Dahod,41,9,32,0,0,1,1,0,0,,
187,GJ,Gujarat,GJ_Dang,Dang,2,0,2,0,0,0,0,0,0,,
166,GJ,Gujarat,GJ_Devbhumi Dwarka,Devbhumi Dwarka,13,2,11,0,0,0,0,0,0,,
168,GJ,Gujarat,GJ_Gandhinagar,Gandhinagar,339,154,171,14,0,39,31,8,0,,
169,GJ,Gujarat,GJ_Gir Somnath,Gir Somnath,45,3,42,0,0,0,-6,6,0,,
170,GJ,Gujarat,GJ_Jamnagar,Jamnagar,54,9,42,3,0,0,-5,5,0,,
171,GJ,Gujarat,GJ_Junagadh,Junagadh,31,4,26,1,0,1,0,1,0,,
173,GJ,Gujarat,GJ_Kheda,Kheda,87,25,58,4,0,5,5,0,0,,
172,GJ,Gujarat,GJ_Kutch,Kutch,71,13,55,3,0,0,-1,0,1,,
175,GJ,Gujarat,GJ_Mahisagar,Mahisagar,116,73,41,2,0,0,0,0,0,,
174,GJ,Gujarat,GJ_Mehsana,Mehsana,129,47,76,6,0,4,4,0,0,,
176,GJ,Gujarat,GJ_Morbi,Morbi,4,1,3,0,0,0,0,0,0,,
177,GJ,Gujarat,GJ_Narmada,Narmada,19,4,15,0,0,0,0,0,0,,
178,GJ,Gujarat,GJ_Navsari,Navsari,28,14,13,1,0,2,0,1,1,,
179,GJ,Gujarat,GJ_Panchmahal,Panchmahal,94,12,72,10,0,3,3,0,0,,
180,GJ,Gujarat,GJ_Patan,Patan,86,16,64,6,0,5,5,0,0,,
181,GJ,Gujarat,GJ_Porbandar,Porbandar,12,4,6,2,0,0,-2,2,0,,
182,GJ,Gujarat,GJ_Rajkot,Rajkot,117,42,72,3,0,2,2,0,0,,
183,GJ,Gujarat,GJ_Sabarkantha,Sabarkantha,107,29,75,3,0,1,-2,3,0,,
184,GJ,Gujarat,GJ_Surat,Surat,1794,529,1191,74,0,77,44,31,2,,
185,GJ,Gujarat,GJ_Surendranagar,Surendranagar,42,22,19,1,0,1,-2,3,0,,
186,GJ,Gujarat,GJ_Tapi,Tapi,6,1,5,0,0,0,0,0,0,,
188,GJ,Gujarat,GJ_Vadodara,Vadodara,1140,430,668,42,0,34,-12,43,3,,
189,GJ,Gujarat,GJ_Valsad,Valsad,41,25,15,1,0,0,-2,2,0,,
212,HP,Himachal Pradesh,HP_Bilaspur,Bilaspur,19,11,8,0,0,1,1,0,0,,
213,HP,Himachal Pradesh,HP_Chamba,Chamba,25,12,13,0,0,1,-1,2,0,,
214,HP,Himachal Pradesh,HP_Hamirpur,Hamirpur,114,74,39,1,0,2,2,0,0,,
215,HP,Himachal Pradesh,HP_Kangra,Kangra,94,54,39,1,0,4,-2,6,0,,
216,HP,Himachal Pradesh,HP_Kinnaur,Kinnaur,2,2,0,0,0,2,2,0,0,,
217,HP,Himachal Pradesh,HP_Kullu,Kullu,2,1,1,0,0,0,0,0,0,,
218,HP,Himachal Pradesh,HP_Lahaul and Spiti,Lahaul and Spiti,0,0,0,0,0,0,0,0,0,,
219,HP,Himachal Pradesh,HP_Mandi,Mandi,17,7,8,2,0,2,2,0,0,,
220,HP,Himachal Pradesh,HP_Shimla,Shimla,10,8,1,1,0,1,1,0,0,,
221,HP,Himachal Pradesh,HP_Sirmaur,Sirmaur,4,1,3,0,0,0,0,0,0,,
222,HP,Himachal Pradesh,HP_Solan,Solan,32,18,10,1,3,0,0,0,0,,
223,HP,Himachal Pradesh,HP_Una,Una,40,16,24,0,0,1,-1,2,0,,
0,HR,Haryana,HR_Foreign Evacuees,Foreign Evacuees,21,19,2,0,0,0,0,0,0,,
190,HR,Haryana,HR_Ambala,Ambala,69,27,40,2,0,8,8,0,0,,
191,HR,Haryana,HR_Bhiwani,Bhiwani,45,39,6,0,0,1,1,0,0,,
192,HR,Haryana,HR_Charkhi Dadri,Charkhi Dadri,13,12,1,0,0,0,0,0,0,,
193,HR,Haryana,HR_Faridabad,Faridabad,487,309,168,10,0,69,69,0,0,,
194,HR,Haryana,HR_Fatehabad,Fatehabad,25,18,7,0,0,1,1,0,0,,
195,HR,Haryana,HR_Gurugram,Gurugram,1195,903,288,4,0,132,128,4,0,,
196,HR,Haryana,HR_Hisar,Hisar,61,56,5,0,0,8,8,0,0,,
0,HR,Haryana,HR_Italians,Italians,14,0,14,0,0,0,0,0,0,,
197,HR,Haryana,HR_Jhajjar,Jhajjar,103,11,92,0,0,0,0,0,0,,
198,HR,Haryana,HR_Jind,Jind,32,7,24,1,0,0,0,0,0,,
199,HR,Haryana,HR_Kaithal,Kaithal,30,24,6,0,0,1,1,0,0,,
200,HR,Haryana,HR_Karnal,Karnal,66,45,20,1,0,10,10,0,0,,
201,HR,Haryana,HR_Kurukshetra,Kurukshetra,37,19,18,0,0,1,0,1,0,,
202,HR,Haryana,HR_Mahendragarh,Mahendragarh,70,49,21,0,0,28,28,0,0,,
203,HR,Haryana,HR_Nuh,Nuh,78,12,66,0,0,6,5,1,0,,
204,HR,Haryana,HR_Palwal,Palwal,79,35,44,0,0,0,0,0,0,,
205,HR,Haryana,HR_Panchkula,Panchkula,27,1,26,0,0,1,0,1,0,,
206,HR,Haryana,HR_Panipat,Panipat,65,16,46,3,0,1,1,0,0,,
207,HR,Haryana,HR_Rewari,Rewari,23,19,4,0,0,0,0,0,0,,
208,HR,Haryana,HR_Rohtak,Rohtak,97,85,11,1,0,7,7,0,0,,
209,HR,Haryana,HR_Sirsa,Sirsa,47,34,13,0,0,0,-2,2,0,,
210,HR,Haryana,HR_Sonipat,Sonipat,261,102,158,1,0,28,18,10,0,,
211,HR,Haryana,HR_Yamunanagar,Yamunanagar,9,0,9,0,0,0,-1,1,0,,
246,JH,Jharkhand,JH_Bokaro,Bokaro,23,8,14,1,0,0,0,0,0,,
247,JH,Jharkhand,JH_Chatra,Chatra,1,0,1,0,0,0,0,0,0,,
248,JH,Jharkhand,JH_Deoghar,Deoghar,5,0,5,0,0,0,0,0,0,,
249,JH,Jharkhand,JH_Dhanbad,Dhanbad,70,60,10,0,0,9,9,0,0,,
250,JH,Jharkhand,JH_Dumka,Dumka,4,2,2,0,0,2,2,0,0,,
264,JH,Jharkhand,JH_East Singhbhum,East Singhbhum,122,121,1,0,0,3,3,0,0,,
251,JH,Jharkhand,JH_Garhwa,Garhwa,62,14,48,0,0,0,0,0,0,,
252,JH,Jharkhand,JH_Giridih,Giridih,21,9,11,1,0,3,3,0,0,,
253,JH,Jharkhand,JH_Godda,Godda,1,0,1,0,0,0,0,0,0,,
254,JH,Jharkhand,JH_Gumla,Gumla,22,22,0,0,0,0,0,0,0,,
255,JH,Jharkhand,JH_Hazaribagh,Hazaribagh,82,47,35,0,0,2,2,0,0,,
256,JH,Jharkhand,JH_Jamtara,Jamtara,2,0,2,0,0,0,0,0,0,,
257,JH,Jharkhand,JH_Khunti,Khunti,5,5,0,0,0,0,0,0,0,,
258,JH,Jharkhand,JH_Koderma,Koderma,45,19,25,1,0,0,0,0,0,,
259,JH,Jharkhand,JH_Latehar,Latehar,10,3,7,0,0,0,0,0,0,,
260,JH,Jharkhand,JH_Lohardaga,Lohardaga,6,4,2,0,0,0,0,0,0,,
261,JH,Jharkhand,JH_Pakur,Pakur,5,5,0,0,0,0,0,0,0,,
262,JH,Jharkhand,JH_Palamu,Palamu,19,3,16,0,0,0,0,0,0,,
265,JH,Jharkhand,JH_Ramgarh,Ramgarh,44,44,0,0,0,-1,-1,0,0,,
266,JH,Jharkhand,JH_Ranchi,Ranchi,138,23,113,2,0,0,0,0,0,,
267,JH,Jharkhand,JH_Sahibganj,Sahibganj,3,3,0,0,0,0,0,0,0,,
268,JH,Jharkhand,JH_Saraikela-Kharsawan,Saraikela-Kharsawan,5,5,0,0,0,0,0,0,0,,
269,JH,Jharkhand,JH_Simdega,Simdega,16,14,2,0,0,0,0,0,0,,
263,JH,Jharkhand,JH_West Singhbhum,West Singhbhum,15,14,1,0,0,0,0,0,0,,
224,JK,Jammu and Kashmir,JK_Anantnag,Anantnag,350,193,152,5,0,0,-26,26,0,,
226,JK,Jammu and Kashmir,JK_Bandipora,Bandipora,161,24,136,1,0,9,7,2,0,,
227,JK,Jammu and Kashmir,JK_Baramulla,Baramulla,272,161,104,7,0,27,25,1,1,,
225,JK,Jammu and Kashmir,JK_Budgam,Budgam,124,55,67,2,0,6,0,6,0,,
228,JK,Jammu and Kashmir,JK_Doda,Doda,27,25,1,1,0,0,0,0,0,,
229,JK,Jammu and Kashmir,JK_Ganderbal,Ganderbal,37,11,26,0,0,3,1,2,0,,
230,JK,Jammu and Kashmir,JK_Jammu,Jammu,167,124,41,2,0,10,10,0,0,,
231,JK,Jammu and Kashmir,JK_Kathua,Kathua,80,53,27,0,0,-1,-1,0,0,,
232,JK,Jammu and Kashmir,JK_Kishtwar,Kishtwar,12,9,3,0,0,1,1,0,0,,
233,JK,Jammu and Kashmir,JK_Kulgam,Kulgam,313,264,45,4,0,1,-12,13,0,,
234,JK,Jammu and Kashmir,JK_Kupwara,Kupwara,299,222,76,1,0,9,9,0,0,,
235,JK,Jammu and Kashmir,JK_Mirpur,Mirpur,0,0,0,0,0,0,0,0,0,,
236,JK,Jammu and Kashmir,JK_Muzaffarabad,Muzaffarabad,0,0,0,0,0,0,0,0,0,,
237,JK,Jammu and Kashmir,JK_Pulwama,Pulwama,105,92,13,0,0,14,14,0,0,,
238,JK,Jammu and Kashmir,JK_Punch,Punch,59,58,1,0,0,10,9,1,0,,
239,JK,Jammu and Kashmir,JK_Rajouri,Rajouri,40,35,5,0,0,4,4,0,0,,
240,JK,Jammu and Kashmir,JK_Ramban,Ramban,153,137,16,0,0,0,0,0,0,,
241,JK,Jammu and Kashmir,JK_Reasi,Reasi,14,11,3,0,0,0,0,0,0,,
242,JK,Jammu and Kashmir,JK_Samba,Samba,48,35,13,0,0,4,4,0,0,,
243,JK,Jammu and Kashmir,JK_Shopiyan,Shopiyan,205,93,109,3,0,25,24,1,0,,
244,JK,Jammu and Kashmir,JK_Srinagar,Srinagar,319,169,143,7,0,14,12,2,0,,
245,JK,Jammu and Kashmir,JK_Udhampur,Udhampur,72,45,26,1,0,3,3,0,0,,
270,KA,Karnataka,KA_Bagalkote,Bagalkote,91,19,71,1,0,2,-3,5,0,,
271,KA,Karnataka,KA_Ballari,Ballari,52,21,30,1,0,1,-4,5,0,,
272,KA,Karnataka,KA_Belagavi,Belagavi,210,85,124,1,0,0,-7,7,0,,
274,KA,Karnataka,KA_Bengaluru Rural,Bengaluru Rural,19,9,9,1,0,1,1,0,0,,
273,KA,Karnataka,KA_Bengaluru Urban,Bengaluru Urban,419,152,256,11,0,20,1,19,0,,
275,KA,Karnataka,KA_Bidar,Bidar,176,130,41,5,0,0,0,0,0,,
276,KA,Karnataka,KA_Chamarajanagara,Chamarajanagara,0,0,0,0,0,0,0,0,0,,
277,KA,Karnataka,KA_Chikkaballapura,Chikkaballapura,143,88,52,3,0,0,-13,13,0,,
278,KA,Karnataka,KA_Chikkamagaluru,Chikkamagaluru,18,10,8,0,0,0,0,0,0,,
279,KA,Karnataka,KA_Chitradurga,Chitradurga,39,30,9,0,0,0,0,0,0,,
280,KA,Karnataka,KA_Dakshina Kannada,Dakshina Kannada,136,73,57,6,0,2,-7,9,0,,
281,KA,Karnataka,KA_Davanagere,Davanagere,164,25,134,5,0,3,-11,13,1,,
282,KA,Karnataka,KA_Dharwad,Dharwad,51,24,27,0,0,1,0,1,0,,
283,KA,Karnataka,KA_Gadag,Gadag,35,17,17,1,0,0,-3,3,0,,
284,KA,Karnataka,KA_Hassan,Hassan,184,126,58,0,0,1,-27,28,0,,
285,KA,Karnataka,KA_Haveri,Haveri,16,10,6,0,0,0,0,0,0,,
286,KA,Karnataka,KA_Kalaburagi,Kalaburagi,511,376,128,7,0,105,105,0,0,,
287,KA,Karnataka,KA_Kodagu,Kodagu,3,2,1,0,0,0,0,0,0,,
288,KA,Karnataka,KA_Kolar,Kolar,27,18,9,0,0,2,2,0,0,,
289,KA,Karnataka,KA_Koppal,Koppal,4,1,3,0,0,0,0,0,0,,
290,KA,Karnataka,KA_Mandya,Mandya,302,221,81,0,0,13,13,0,0,,
291,KA,Karnataka,KA_Mysuru,Mysuru,96,6,90,0,0,2,2,0,0,,
0,KA,Karnataka,KA_Other State,Other State,22,-3,24,1,0,0,0,0,0,,
292,KA,Karnataka,KA_Raichur,Raichur,268,230,37,1,0,35,35,0,0,,
293,KA,Karnataka,KA_Ramanagara,Ramanagara,2,2,0,0,0,0,0,0,0,,
294,KA,Karnataka,KA_Shivamogga,Shivamogga,55,25,30,0,0,2,-2,4,0,,
295,KA,Karnataka,KA_Tumakuru,Tumakuru,33,19,12,2,0,0,0,0,0,,
296,KA,Karnataka,KA_Udupi,Udupi,472,408,63,1,0,62,62,0,0,,
297,KA,Karnataka,KA_Uttara Kannada,Uttara Kannada,84,35,49,0,0,0,-1,1,0,,
298,KA,Karnataka,KA_Vijayapura,Vijayapura,133,67,61,5,0,6,3,3,0,,
299,KA,Karnataka,KA_Yadgir,Yadgir,298,270,27,1,0,9,9,0,0,,
0,KL,Kerala,KL_Other State,Other State,2,2,0,0,0,0,0,0,0,,
300,KL,Kerala,KL_Alappuzha,Alappuzha,66,57,8,1,0,7,6,1,0,,
301,KL,Kerala,KL_Ernakulam,Ernakulam,61,32,28,1,0,5,5,0,0,,
302,KL,Kerala,KL_Idukki,Idukki,42,18,24,0,0,9,9,0,0,,
303,KL,Kerala,KL_Kannur,Kannur,234,104,128,2,0,2,0,2,0,,
304,KL,Kerala,KL_Kasaragod,Kasaragod,303,98,205,0,0,3,-1,4,0,,
305,KL,Kerala,KL_Kollam,Kollam,78,53,25,0,0,5,3,2,0,,
306,KL,Kerala,KL_Kottayam,Kottayam,59,20,38,1,0,8,5,3,0,,
307,KL,Kerala,KL_Kozhikode,Kozhikode,78,39,38,1,0,7,2,5,0,,
308,KL,Kerala,KL_Malappuram,Malappuram,138,87,50,1,0,11,11,0,0,,
309,KL,Kerala,KL_Palakkad,Palakkad,167,150,17,0,0,5,5,0,0,,
310,KL,Kerala,KL_Pathanamthitta,Pathanamthitta,55,34,21,0,0,2,2,0,0,,
311,KL,Kerala,KL_Thiruvananthapuram,Thiruvananthapuram,85,53,29,3,0,14,8,6,0,,
312,KL,Kerala,KL_Thrissur,Thrissur,83,63,19,1,0,4,3,1,0,,
313,KL,Kerala,KL_Wayanad,Wayanad,37,15,21,1,0,0,0,0,0,,
314,LA,Ladakh,LA_Kargil,Kargil,46,33,13,0,0,7,7,0,0,,
315,LA,Ladakh,LA_Leh,Leh,44,9,35,0,0,2,1,1,0,,
316,LD,Lakshadweep,LD_Lakshadweep,Lakshadweep,0,0,0,0,0,0,0,0,0,,
369,MH,Maharashtra,MH_Ahmednagar,Ahmednagar,165,95,62,8,0,24,21,2,1,,
370,MH,Maharashtra,MH_Akola,Akola,647,256,358,33,0,5,-9,12,2,,
371,MH,Maharashtra,MH_Amravati,Amravati,261,87,158,16,0,16,-4,20,0,,
372,MH,Maharashtra,MH_Aurangabad,Aurangabad,1653,474,1095,84,0,61,10,35,16,,
374,MH,Maharashtra,MH_Beed,Beed,49,21,27,1,0,2,1,1,0,,
373,MH,Maharashtra,MH_Bhandara,Bhandara,37,25,12,0,0,5,2,3,0,,
375,MH,Maharashtra,MH_Buldhana,Buldhana,74,26,45,3,0,1,-2,3,0,,
376,MH,Maharashtra,MH_Chandrapur,Chandrapur,27,2,25,0,0,1,0,1,0,,
377,MH,Maharashtra,MH_Dhule,Dhule,177,63,94,20,0,4,-1,1,4,,
378,MH,Maharashtra,MH_Gadchiroli,Gadchiroli,39,27,12,0,0,1,1,0,0,,
379,MH,Maharashtra,MH_Gondia,Gondia,66,18,48,0,0,0,-3,3,0,,
380,MH,Maharashtra,MH_Hingoli,Hingoli,193,87,106,0,0,2,2,0,0,,
381,MH,Maharashtra,MH_Jalgaon,Jalgaon,781,377,330,74,0,21,13,6,2,,
382,MH,Maharashtra,MH_Jalna,Jalna,154,93,59,2,0,24,22,1,1,,
383,MH,Maharashtra,MH_Kolhapur,Kolhapur,607,388,213,6,0,64,54,8,2,,
384,MH,Maharashtra,MH_Latur,Latur,125,53,69,3,0,0,0,0,0,,
385,MH,Maharashtra,MH_Mumbai,Mumbai,43492,24603,17472,1417,0,1276,968,259,49,,
386,MH,Maharashtra,MH_Mumbai Suburban,Mumbai Suburban,0,0,0,0,0,0,0,0,0,,
387,MH,Maharashtra,MH_Nagpur,Nagpur,635,232,392,11,0,21,10,11,0,,
388,MH,Maharashtra,MH_Nanded,Nanded,135,30,99,6,0,6,-2,8,0,,
389,MH,Maharashtra,MH_Nandurbar,Nandurbar,37,5,28,4,0,0,-2,1,1,,
390,MH,Maharashtra,MH_Nashik,Nashik,1235,225,942,68,0,23,0,23,0,,
391,MH,Maharashtra,MH_Osmanabad,Osmanabad,91,49,40,2,0,11,2,8,1,,
0,MH,Maharashtra,MH_Other State,Other State,63,45,0,18,0,1,-2,0,3,,
392,MH,Maharashtra,MH_Palghar,Palghar,1199,718,447,34,0,77,72,4,1,,
393,MH,Maharashtra,MH_Parbhani,Parbhani,73,48,24,1,0,2,2,0,0,,
394,MH,Maharashtra,MH_Pune,Pune,8463,3511,4585,367,0,267,-20,268,19,,
395,MH,Maharashtra,MH_Raigad,Raigad,1238,542,645,51,0,29,5,24,0,,
396,MH,Maharashtra,MH_Ratnagiri,Ratnagiri,314,191,118,5,0,10,10,0,0,,
397,MH,Maharashtra,MH_Sangli,Sangli,126,59,63,4,0,2,2,0,0,,
398,MH,Maharashtra,MH_Satara,Satara,564,336,206,22,0,2,-26,28,0,,
399,MH,Maharashtra,MH_Sindhudurg,Sindhudurg,78,70,8,0,0,26,26,0,0,,
400,MH,Maharashtra,MH_Solapur,Solapur,1032,499,448,85,0,98,83,5,10,,
401,MH,Maharashtra,MH_Thane,Thane,10865,6633,3992,240,0,461,191,260,10,,
402,MH,Maharashtra,MH_Wardha,Wardha,9,6,2,1,0,0,-1,1,0,,
403,MH,Maharashtra,MH_Washim,Washim,8,2,6,0,0,0,0,0,0,,
404,MH,Maharashtra,MH_Yavatmal,Yavatmal,148,48,99,1,0,17,17,0,0,,
421,ML,Meghalaya,ML_East Garo Hills,East Garo Hills,0,0,0,0,0,0,0,0,0,,
422,ML,Meghalaya,ML_East Jaintia Hills,East Jaintia Hills,0,0,0,0,0,0,0,0,0,,
423,ML,Meghalaya,ML_East Khasi Hills,East Khasi Hills,16,2,13,1,0,2,1,1,0,,
424,ML,Meghalaya,ML_North Garo Hills,North Garo Hills,1,1,0,0,0,0,0,0,0,,
425,ML,Meghalaya,ML_Ribhoi,Ribhoi,0,0,0,0,0,0,0,0,0,,
426,ML,Meghalaya,ML_South Garo Hills,South Garo Hills,0,0,0,0,0,0,0,0,0,,
427,ML,Meghalaya,ML_South West Garo Hills,South West Garo Hills,4,4,0,0,0,0,0,0,0,,
428,ML,Meghalaya,ML_South West Khasi Hills,South West Khasi Hills,0,0,0,0,0,0,0,0,0,,
429,ML,Meghalaya,ML_West Garo Hills,West Garo Hills,5,5,0,0,0,0,0,0,0,,
430,ML,Meghalaya,ML_West Jaintia Hills,West Jaintia Hills,1,1,0,0,0,1,1,0,0,,
431,ML,Meghalaya,ML_West Khasi Hills,West Khasi Hills,1,1,0,0,0,0,0,0,0,,
405,MN,Manipur,MN_Bishnupur,Bishnupur,3,3,0,0,0,1,1,0,0,,
406,MN,Manipur,MN_Chandel,Chandel,1,1,0,0,0,0,0,0,0,,
407,MN,Manipur,MN_Churachandpur,Churachandpur,19,16,3,0,0,1,0,1,0,,
408,MN,Manipur,MN_Imphal East,Imphal East,10,-2,12,0,0,0,-11,11,0,,
409,MN,Manipur,MN_Imphal West,Imphal West,18,17,1,0,0,0,0,0,0,,
410,MN,Manipur,MN_Jiribam,Jiribam,0,0,0,0,0,0,0,0,0,,
411,MN,Manipur,MN_Kakching,Kakching,2,2,0,0,0,2,2,0,0,,
412,MN,Manipur,MN_Kamjong,Kamjong,2,0,2,0,0,1,1,0,0,,
413,MN,Manipur,MN_Kangpokpi,Kangpokpi,0,0,0,0,0,0,0,0,0,,
414,MN,Manipur,MN_Noney,Noney,3,3,0,0,0,0,0,0,0,,
415,MN,Manipur,MN_Pherzawl,Pherzawl,0,0,0,0,0,0,0,0,0,,
416,MN,Manipur,MN_Senapati,Senapati,5,5,0,0,0,3,3,0,0,,
417,MN,Manipur,MN_Tamenglong,Tamenglong,4,4,0,0,0,4,4,0,0,,
418,MN,Manipur,MN_Tengnoupal,Tengnoupal,4,4,0,0,0,4,4,0,0,,
419,MN,Manipur,MN_Thoubal,Thoubal,4,2,2,0,0,1,1,0,0,,
420,MN,Manipur,MN_Ukhrul,Ukhrul,5,5,0,0,0,2,2,0,0,,
317,MP,Madhya Pradesh,MP_Agar Malwa,Agar Malwa,13,0,12,1,0,0,0,0,0,,
318,MP,Madhya Pradesh,MP_Alirajpur,Alirajpur,3,0,3,0,0,0,0,0,0,,
319,MP,Madhya Pradesh,MP_Anuppur,Anuppur,19,16,3,0,0,1,1,0,0,,
320,MP,Madhya Pradesh,MP_Ashoknagar,Ashoknagar,12,0,11,1,0,0,0,0,0,,
321,MP,Madhya Pradesh,MP_Balaghat,Balaghat,7,5,2,0,0,0,-2,2,0,,
322,MP,Madhya Pradesh,MP_Barwani,Barwani,53,16,36,1,0,0,0,0,0,,
323,MP,Madhya Pradesh,MP_Betul,Betul,31,28,3,0,0,3,3,0,0,,
324,MP,Madhya Pradesh,MP_Bhind,Bhind,58,25,33,0,0,1,-4,5,0,,
325,MP,Madhya Pradesh,MP_Bhopal,Bhopal,1572,435,1077,60,0,41,6,35,0,,
326,MP,Madhya Pradesh,MP_Burhanpur,Burhanpur,305,41,248,16,0,1,0,1,0,,
327,MP,Madhya Pradesh,MP_Chhatarpur,Chhatarpur,29,20,9,0,0,0,-4,4,0,,
328,MP,Madhya Pradesh,MP_Chhindwara,Chhindwara,15,10,4,1,0,1,1,0,0,,
329,MP,Madhya Pradesh,MP_Damoh,Damoh,26,10,16,0,0,0,-4,4,0,,
330,MP,Madhya Pradesh,MP_Datia,Datia,11,5,5,1,0,0,0,0,0,,
331,MP,Madhya Pradesh,MP_Dewas,Dewas,104,31,64,9,0,1,-3,4,0,,
332,MP,Madhya Pradesh,MP_Dhar,Dhar,125,14,108,3,0,0,0,0,0,,
333,MP,Madhya Pradesh,MP_Dindori,Dindori,23,19,4,0,0,2,0,2,0,,
335,MP,Madhya Pradesh,MP_Guna,Guna,4,3,1,0,0,1,1,0,0,,
336,MP,Madhya Pradesh,MP_Gwalior,Gwalior,166,80,84,2,0,27,23,4,0,,
337,MP,Madhya Pradesh,MP_Harda,Harda,3,0,3,0,0,0,0,0,0,,
338,MP,Madhya Pradesh,MP_Hoshangabad,Hoshangabad,37,0,34,3,0,0,0,0,0,,
339,MP,Madhya Pradesh,MP_Indore,Indore,3597,1324,2132,141,0,27,-79,103,3,,
340,MP,Madhya Pradesh,MP_Jabalpur,Jabalpur,260,58,192,10,0,9,-3,12,0,,
341,MP,Madhya Pradesh,MP_Jhabua,Jhabua,13,3,9,1,0,0,0,0,0,,
342,MP,Madhya Pradesh,MP_Katni,Katni,1,1,0,0,0,0,0,0,0,,
334,MP,Madhya Pradesh,MP_Khandwa,Khandwa,251,25,212,14,0,0,-3,2,1,,
368,MP,Madhya Pradesh,MP_Khargone,Khargone,169,52,106,11,0,13,13,0,0,,
343,MP,Madhya Pradesh,MP_Mandla,Mandla,4,2,1,1,0,0,0,0,0,,
344,MP,Madhya Pradesh,MP_Mandsaur,Mandsaur,93,8,77,8,0,1,0,1,0,,
345,MP,Madhya Pradesh,MP_Morena,Morena,95,14,80,1,0,2,2,0,0,,
346,MP,Madhya Pradesh,MP_Narsinghpur,Narsinghpur,12,12,0,0,0,0,0,0,0,,
347,MP,Madhya Pradesh,MP_Neemuch,Neemuch,242,156,81,5,0,12,2,9,1,,
348,MP,Madhya Pradesh,MP_Niwari,Niwari,0,0,0,0,0,0,0,0,0,,
0,MP,Madhya Pradesh,MP_Other Region,Other Region,0,0,0,0,0,0,0,0,0,,
349,MP,Madhya Pradesh,MP_Panna,Panna,20,17,3,0,0,0,0,0,0,,
350,MP,Madhya Pradesh,MP_Raisen,Raisen,68,0,65,3,0,0,0,0,0,,
351,MP,Madhya Pradesh,MP_Rajgarh,Rajgarh,14,12,1,1,0,1,1,0,0,,
352,MP,Madhya Pradesh,MP_Ratlam,Ratlam,41,8,31,2,0,3,3,0,0,,
353,MP,Madhya Pradesh,MP_Rewa,Rewa,35,9,26,0,0,0,-4,4,0,,
354,MP,Madhya Pradesh,MP_Sagar,Sagar,197,94,93,10,0,8,7,0,1,,
355,MP,Madhya Pradesh,MP_Satna,Satna,21,7,12,2,0,0,0,0,0,,
356,MP,Madhya Pradesh,MP_Sehore,Sehore,11,5,4,2,0,0,-1,0,1,,
357,MP,Madhya Pradesh,MP_Seoni,Seoni,2,0,2,0,0,0,0,0,0,,
358,MP,Madhya Pradesh,MP_Shahdol,Shahdol,12,9,3,0,0,0,0,0,0,,
359,MP,Madhya Pradesh,MP_Shajapur,Shajapur,11,2,8,1,0,2,2,0,0,,
360,MP,Madhya Pradesh,MP_Sheopur,Sheopur,19,14,4,1,0,5,5,0,0,,
361,MP,Madhya Pradesh,MP_Shivpuri,Shivpuri,11,6,5,0,0,0,0,0,0,,
362,MP,Madhya Pradesh,MP_Sidhi,Sidhi,17,11,6,0,0,0,0,0,0,,
363,MP,Madhya Pradesh,MP_Singrauli,Singrauli,11,10,1,0,0,0,-1,1,0,,
364,MP,Madhya Pradesh,MP_Tikamgarh,Tikamgarh,11,5,6,0,0,0,0,0,0,,
365,MP,Madhya Pradesh,MP_Ujjain,Ujjain,694,131,505,58,0,2,-28,30,0,,
366,MP,Madhya Pradesh,MP_Umaria,Umaria,9,7,1,1,0,2,2,0,0,,
367,MP,Madhya Pradesh,MP_Vidisha,Vidisha,31,12,19,0,0,2,1,1,0,,
432,MZ,Mizoram,MZ_Aizawl,Aizawl,2,1,1,0,0,1,1,0,0,,
433,MZ,Mizoram,MZ_Champhai,Champhai,0,0,0,0,0,0,0,0,0,,
729,MZ,Mizoram,MZ_Hnahthial,Hnahthial,0,0,0,0,0,0,0,0,0,,
730,MZ,Mizoram,MZ_Khawzawl,Khawzawl,0,0,0,0,0,0,0,0,0,,
434,MZ,Mizoram,MZ_Kolasib,Kolasib,0,0,0,0,0,0,0,0,0,,
435,MZ,Mizoram,MZ_Lawngtlai,Lawngtlai,0,0,0,0,0,0,0,0,0,,
436,MZ,Mizoram,MZ_Lunglei,Lunglei,0,0,0,0,0,0,0,0,0,,
437,MZ,Mizoram,MZ_Mamit,Mamit,0,0,0,0,0,0,0,0,0,,
438,MZ,Mizoram,MZ_Saiha,Saiha,0,0,0,0,0,0,0,0,0,,
728,MZ,Mizoram,MZ_Saitual,Saitual,0,0,0,0,0,0,0,0,0,,
439,MZ,Mizoram,MZ_Serchhip,Serchhip,0,0,0,0,0,0,0,0,0,,
440,NL,Nagaland,NL_Dimapur,Dimapur,31,31,0,0,0,0,0,0,0,,
441,NL,Nagaland,NL_Kiphire,Kiphire,0,0,0,0,0,0,0,0,0,,
442,NL,Nagaland,NL_Kohima,Kohima,16,16,0,0,0,0,0,0,0,,
443,NL,Nagaland,NL_Longleng,Longleng,0,0,0,0,0,0,0,0,0,,
444,NL,Nagaland,NL_Mokokchung,Mokokchung,0,0,0,0,0,0,0,0,0,,
445,NL,Nagaland,NL_Mon,Mon,0,0,0,0,0,0,0,0,0,,
446,NL,Nagaland,NL_Peren,Peren,0,0,0,0,0,0,0,0,0,,
447,NL,Nagaland,NL_Phek,Phek,0,0,0,0,0,0,0,0,0,,
448,NL,Nagaland,NL_Tuensang,Tuensang,2,2,0,0,0,0,0,0,0,,
449,NL,Nagaland,NL_Wokha,Wokha,0,0,0,0,0,0,0,0,0,,
450,NL,Nagaland,NL_Zunheboto,Zunheboto,0,0,0,0,0,0,0,0,0,,
451,OR,Odisha,OR_Angul,Angul,29,5,24,0,0,3,-2,5,0,,
452,OR,Odisha,OR_Balangir,Balangir,102,84,18,0,0,13,4,9,0,,
453,OR,Odisha,OR_Balasore,Balasore,178,45,132,1,0,24,19,5,0,,
454,OR,Odisha,OR_Bargarh,Bargarh,11,9,2,0,0,0,-2,2,0,,
456,OR,Odisha,OR_Bhadrak,Bhadrak,123,25,98,0,0,3,0,3,0,,
455,OR,Odisha,OR_Boudh,Boudh,34,1,33,0,0,0,0,0,0,,
457,OR,Odisha,OR_Cuttack,Cuttack,126,67,58,1,0,0,-2,2,0,,
458,OR,Odisha,OR_Deogarh,Deogarh,33,9,24,0,0,1,-21,22,0,,
459,OR,Odisha,OR_Dhenkanal,Dhenkanal,21,18,3,0,0,0,-1,1,0,,
460,OR,Odisha,OR_Gajapati,Gajapati,44,34,10,0,0,4,3,1,0,,
461,OR,Odisha,OR_Ganjam,Ganjam,499,156,340,3,0,41,39,2,0,,
462,OR,Odisha,OR_Jagatsinghpur,Jagatsinghpur,86,55,31,0,0,0,0,0,0,,
463,OR,Odisha,OR_Jajpur,Jajpur,290,50,240,0,0,0,-1,1,0,,
464,OR,Odisha,OR_Jharsuguda,Jharsuguda,7,2,5,0,0,0,0,0,0,,
465,OR,Odisha,OR_Kalahandi,Kalahandi,21,6,15,0,0,1,-1,2,0,,
466,OR,Odisha,OR_Kandhamal,Kandhamal,22,17,5,0,0,0,0,0,0,,
467,OR,Odisha,OR_Kendrapara,Kendrapara,161,76,85,0,0,9,9,0,0,,
468,OR,Odisha,OR_Kendujhar,Kendujhar,30,19,11,0,0,0,0,0,0,,
469,OR,Odisha,OR_Khordha,Khordha,170,92,74,4,0,3,1,2,0,,
470,OR,Odisha,OR_Koraput,Koraput,8,7,1,0,0,0,0,0,0,,
471,OR,Odisha,OR_Malkangiri,Malkangiri,21,2,19,0,0,0,0,0,0,,
472,OR,Odisha,OR_Mayurbhanj,Mayurbhanj,35,21,14,0,0,8,8,0,0,,
473,OR,Odisha,OR_Nabarangapur,Nabarangapur,2,1,1,0,0,0,0,0,0,,
474,OR,Odisha,OR_Nayagarh,Nayagarh,69,24,45,0,0,0,-15,15,0,,
475,OR,Odisha,OR_Nuapada,Nuapada,60,60,0,0,0,8,8,0,0,,
476,OR,Odisha,OR_Puri,Puri,96,15,81,0,0,0,-16,16,0,,
477,OR,Odisha,OR_Rayagada,Rayagada,1,1,0,0,0,1,1,0,0,,
478,OR,Odisha,OR_Sambalpur,Sambalpur,15,10,5,0,0,3,3,0,0,,
479,OR,Odisha,OR_Subarnapur,Subarnapur,25,22,3,0,0,17,17,0,0,,
480,OR,Odisha,OR_Sundargarh,Sundargarh,69,30,39,0,0,4,1,3,0,,
485,PB,Punjab,PB_Amritsar,Amritsar,389,69,313,7,0,2,-1,3,0,,
486,PB,Punjab,PB_Barnala,Barnala,24,2,21,1,0,0,-1,1,0,,
487,PB,Punjab,PB_Bathinda,Bathinda,50,7,43,0,0,1,1,0,0,,
488,PB,Punjab,PB_Faridkot,Faridkot,66,5,61,0,0,3,3,0,0,,
489,PB,Punjab,PB_Fatehgarh Sahib,Fatehgarh Sahib,64,7,57,0,0,0,0,0,0,,
490,PB,Punjab,PB_Fazilka,Fazilka,44,0,44,0,0,0,0,0,0,,
491,PB,Punjab,PB_Ferozepur,Ferozepur,46,2,43,1,0,0,0,0,0,,
492,PB,Punjab,PB_Gurdaspur,Gurdaspur,143,9,131,3,0,3,3,0,0,,
493,PB,Punjab,PB_Hoshiarpur,Hoshiarpur,131,10,116,5,0,3,-1,4,0,,
494,PB,Punjab,PB_Jalandhar,Jalandhar,260,43,209,8,0,3,2,0,1,,
495,PB,Punjab,PB_Kapurthala,Kapurthala,38,2,33,3,0,0,0,0,0,,
496,PB,Punjab,PB_Ludhiana,Ludhiana,201,41,151,9,0,0,0,0,0,,
497,PB,Punjab,PB_Mansa,Mansa,32,0,32,0,0,0,0,0,0,,
498,PB,Punjab,PB_Moga,Moga,64,5,59,0,0,0,0,0,0,,
499,PB,Punjab,PB_Pathankot,Pathankot,76,32,41,3,0,7,3,4,0,,
500,PB,Punjab,PB_Patiala,Patiala,125,17,106,2,0,2,2,0,0,,
501,PB,Punjab,PB_Rupnagar,Rupnagar,70,10,59,1,0,0,0,0,0,,
502,PB,Punjab,PB_S.A.S. Nagar,S.A.S. Nagar,120,17,100,3,0,7,7,0,0,,
503,PB,Punjab,PB_Sangrur,Sangrur,102,11,91,0,0,0,0,0,0,,
504,PB,Punjab,PB_Shahid Bhagat Singh Nagar,Shahid Bhagat Singh Nagar,106,5,100,1,0,1,1,0,0,,
505,PB,Punjab,PB_Sri Muktsar Sahib,Sri Muktsar Sahib,68,2,66,0,0,2,2,0,0,,
506,PB,Punjab,PB_Tarn Taran,Tarn Taran,157,4,153,0,0,0,0,0,0,,
481,PY,Puducherry,PY_Karaikal,Karaikal,2,0,2,0,0,0,0,0,0,,
482,PY,Puducherry,PY_Mahe,Mahe,4,0,4,0,0,0,0,0,0,,
483,PY,Puducherry,PY_Puducherry,Puducherry,76,52,24,0,0,9,4,5,0,,
484,PY,Puducherry,PY_Yanam,Yanam,0,0,0,0,0,0,0,0,0,,
507,RJ,Rajasthan,RJ_Ajmer,Ajmer,356,50,299,7,0,6,4,2,0,,
508,RJ,Rajasthan,RJ_Alwar,Alwar,82,28,52,2,0,13,13,0,0,,
509,RJ,Rajasthan,RJ_Banswara,Banswara,85,0,83,2,0,0,0,0,0,,
510,RJ,Rajasthan,RJ_Baran,Baran,45,37,6,2,0,3,2,0,1,,
511,RJ,Rajasthan,RJ_Barmer,Barmer,102,26,76,0,0,0,-1,1,0,,
512,RJ,Rajasthan,RJ_Bharatpur,Bharatpur,455,316,134,5,0,88,88,0,0,,
513,RJ,Rajasthan,RJ_Bhilwara,Bhilwara,155,50,103,2,0,2,-1,3,0,,
514,RJ,Rajasthan,RJ_Bikaner,Bikaner,108,35,69,4,0,0,-9,9,0,,
0,RJ,Rajasthan,RJ_BSF Camp,BSF Camp,50,0,50,0,0,0,-8,8,0,,
515,RJ,Rajasthan,RJ_Bundi,Bundi,2,2,0,0,0,0,0,0,0,,
516,RJ,Rajasthan,RJ_Chittorgarh,Chittorgarh,180,11,165,4,0,1,1,0,0,,
517,RJ,Rajasthan,RJ_Churu,Churu,117,54,62,1,0,2,2,0,0,,
518,RJ,Rajasthan,RJ_Dausa,Dausa,62,15,46,1,0,3,1,2,0,,
519,RJ,Rajasthan,RJ_Dholpur,Dholpur,65,26,39,0,0,3,3,0,0,,
520,RJ,Rajasthan,RJ_Dungarpur,Dungarpur,373,94,279,0,0,5,-16,21,0,,
0,RJ,Rajasthan,RJ_Evacuees,Evacuees,61,0,61,0,0,0,0,0,0,,
521,RJ,Rajasthan,RJ_Ganganagar,Ganganagar,7,6,1,0,0,0,0,0,0,,
522,RJ,Rajasthan,RJ_Hanumangarh,Hanumangarh,30,14,16,0,0,0,-2,2,0,,
0,RJ,Rajasthan,RJ_Italians,Italians,2,0,2,0,0,0,0,0,0,,
523,RJ,Rajasthan,RJ_Jaipur,Jaipur,2124,290,1734,100,0,55,0,51,4,,
524,RJ,Rajasthan,RJ_Jaisalmer,Jaisalmer,74,9,65,0,0,0,-6,6,0,,
525,RJ,Rajasthan,RJ_Jalore,Jalore,162,26,134,2,0,0,-38,38,0,,
526,RJ,Rajasthan,RJ_Jhalawar,Jhalawar,302,170,132,0,0,10,-56,66,0,,
527,RJ,Rajasthan,RJ_Jhunjhunu,Jhunjhunu,143,30,112,1,0,0,-5,5,0,,
528,RJ,Rajasthan,RJ_Jodhpur,Jodhpur,1626,436,1170,20,0,20,-21,40,1,,
529,RJ,Rajasthan,RJ_Karauli,Karauli,19,7,9,3,0,2,1,1,0,,
530,RJ,Rajasthan,RJ_Kota,Kota,494,115,362,17,0,4,4,0,0,,
531,RJ,Rajasthan,RJ_Nagaur,Nagaur,475,165,302,8,0,19,19,0,0,,
0,RJ,Rajasthan,RJ_Other State,Other State,19,11,0,8,0,4,4,0,0,,
532,RJ,Rajasthan,RJ_Pali,Pali,549,288,254,7,0,19,8,11,0,,
533,RJ,Rajasthan,RJ_Pratapgarh,Pratapgarh,14,2,11,1,0,0,0,0,0,,
534,RJ,Rajasthan,RJ_Rajsamand,Rajsamand,145,26,118,1,0,3,-17,20,0,,
535,RJ,Rajasthan,RJ_Sawai Madhopur,Sawai Madhopur,22,5,16,1,0,2,2,0,0,,
536,RJ,Rajasthan,RJ_Sikar,Sikar,231,98,128,5,0,7,-6,13,0,,
537,RJ,Rajasthan,RJ_Sirohi,Sirohi,179,117,59,3,0,3,3,0,0,,
538,RJ,Rajasthan,RJ_Tonk,Tonk,169,6,162,1,0,3,2,1,0,,
539,RJ,Rajasthan,RJ_Udaipur,Udaipur,568,134,433,1,0,2,-7,9,0,,
540,SK,Sikkim,SK_East Sikkim,East Sikkim,1,1,0,0,0,1,1,0,0,,
541,SK,Sikkim,SK_North Sikkim,North Sikkim,0,0,0,0,0,0,0,0,0,,
542,SK,Sikkim,SK_South Sikkim,South Sikkim,1,1,0,0,0,0,0,0,0,,
543,SK,Sikkim,SK_West Sikkim,West Sikkim,0,0,0,0,0,0,0,0,0,,
0,TG,Telangana,TG_Foreign Evacuees,Foreign Evacuees,33,33,0,0,0,0,0,0,0,,
0,TG,Telangana,TG_Other State,Other State,250,250,0,0,0,2,2,0,0,,
576,TG,Telangana,TG_Adilabad,Adilabad,21,6,15,0,0,0,0,0,0,,
577,TG,Telangana,TG_Bhadradri Kothagudem,Bhadradri Kothagudem,4,0,4,0,0,0,0,0,0,,
578,TG,Telangana,TG_Hyderabad,Hyderabad,1718,1390,305,23,0,108,108,0,0,,
579,TG,Telangana,TG_Jagtial,Jagtial,10,8,2,0,0,0,0,0,0,,
580,TG,Telangana,TG_Jangaon,Jangaon,5,4,1,0,0,0,0,0,0,,
581,TG,Telangana,TG_Jayashankar Bhupalapally,Jayashankar Bhupalapally,3,3,0,0,0,0,0,0,0,,
582,TG,Telangana,TG_Jogulamba Gadwal,Jogulamba Gadwal,45,19,25,1,0,0,0,0,0,,
583,TG,Telangana,TG_Kamareddy,Kamareddy,13,5,8,0,0,1,1,0,0,,
584,TG,Telangana,TG_Karimnagar,Karimnagar,19,3,16,0,0,0,0,0,0,,
585,TG,Telangana,TG_Khammam,Khammam,17,14,3,0,0,0,0,0,0,,
586,TG,Telangana,TG_Komaram Bheem,Komaram Bheem,13,11,2,0,0,6,6,0,0,,
587,TG,Telangana,TG_Mahabubabad,Mahabubabad,2,1,1,0,0,0,0,0,0,,
588,TG,Telangana,TG_Mahabubnagar,Mahabubnagar,18,10,8,0,0,1,1,0,0,,
589,TG,Telangana,TG_Mancherial,Mancherial,2,1,0,1,0,0,0,0,0,,
590,TG,Telangana,TG_Medak,Medak,12,8,4,0,0,0,0,0,0,,
591,TG,Telangana,TG_Medchal Malkajgiri,Medchal Malkajgiri,50,40,9,1,0,2,2,0,0,,
592,TG,Telangana,TG_Mulugu,Mulugu,2,0,2,0,0,0,0,0,0,,
593,TG,Telangana,TG_Nagarkurnool,Nagarkurnool,3,1,2,0,0,0,0,0,0,,
594,TG,Telangana,TG_Nalgonda,Nalgonda,22,10,12,0,0,0,0,0,0,,
595,TG,Telangana,TG_Narayanpet,Narayanpet,2,1,0,1,0,0,0,0,0,,
596,TG,Telangana,TG_Nirmal,Nirmal,21,8,13,0,0,0,0,0,0,,
597,TG,Telangana,TG_Nizamabad,Nizamabad,62,32,30,0,0,0,0,0,0,,
598,TG,Telangana,TG_Peddapalli,Peddapalli,3,2,1,0,0,0,0,0,0,,
599,TG,Telangana,TG_Rajanna Sircilla,Rajanna Sircilla,5,3,2,0,0,2,2,0,0,,
600,TG,Telangana,TG_Ranga Reddy,Ranga Reddy,131,112,17,2,0,6,6,0,0,,
601,TG,Telangana,TG_Sangareddy,Sangareddy,17,11,6,0,0,0,0,0,0,,
602,TG,Telangana,TG_Siddipet,Siddipet,2,1,1,0,0,0,0,0,0,,
603,TG,Telangana,TG_Suryapet,Suryapet,86,62,24,0,0,0,0,0,0,,
604,TG,Telangana,TG_Vikarabad,Vikarabad,39,23,15,1,0,0,0,0,0,,
605,TG,Telangana,TG_Wanaparthy,Wanaparthy,1,1,0,0,0,0,0,0,0,,
606,TG,Telangana,TG_Warangal Rural,Warangal Rural,0,0,0,0,0,0,0,0,0,,
607,TG,Telangana,TG_Warangal Urban,Warangal Urban,30,7,23,0,0,0,0,0,0,,
608,TG,Telangana,TG_Yadadri Bhuvanagiri,Yadadri Bhuvanagiri,2,2,0,0,0,1,1,0,0,,
0,TN,Tamil Nadu,TN_Railway Quarantine,Railway Quarantine,205,183,22,0,0,0,-1,1,0,,
0,TN,Tamil Nadu,TN_Airport Quarantine,Airport Quarantine,126,94,32,0,0,19,19,0,0,,
0,TN,Tamil Nadu,TN_Other State,Other State,3,0,0,3,0,0,0,0,0,,
544,TN,Tamil Nadu,TN_Ariyalur,Ariyalur,370,11,359,0,0,0,0,0,0,,
732,TN,Tamil Nadu,TN_Chengalpattu,Chengalpattu,1363,682,671,10,0,61,51,10,0,,
545,TN,Tamil Nadu,TN_Chennai,Chennai,17587,8400,9034,153,0,1012,532,480,0,,
546,TN,Tamil Nadu,TN_Coimbatore,Coimbatore,159,14,144,1,0,9,9,0,0,,
547,TN,Tamil Nadu,TN_Cuddalore,Cuddalore,470,37,432,1,0,6,-5,11,0,,
548,TN,Tamil Nadu,TN_Dharmapuri,Dharmapuri,9,4,5,0,0,1,1,0,0,,
549,TN,Tamil Nadu,TN_Dindigul,Dindigul,146,21,123,2,0,0,0,0,0,,
550,TN,Tamil Nadu,TN_Erode,Erode,74,3,70,1,0,0,0,0,0,,
734,TN,Tamil Nadu,TN_Kallakurichi,Kallakurichi,259,114,145,0,0,4,-5,9,0,,
551,TN,Tamil Nadu,TN_Kancheepuram,Kancheepuram,441,172,267,2,0,19,6,13,0,,
552,TN,Tamil Nadu,TN_Kanyakumari,Kanyakumari,81,37,43,1,0,1,-3,4,0,,
553,TN,Tamil Nadu,TN_Karur,Karur,82,4,78,0,0,1,-1,2,0,,
554,TN,Tamil Nadu,TN_Krishnagiri,Krishnagiri,28,8,20,0,0,0,0,0,0,,
555,TN,Tamil Nadu,TN_Madurai,Madurai,286,106,177,3,0,7,4,3,0,,
556,TN,Tamil Nadu,TN_Nagapattinam,Nagapattinam,64,13,51,0,0,1,1,0,0,,
557,TN,Tamil Nadu,TN_Namakkal,Namakkal,83,5,77,1,0,1,1,0,0,,
564,TN,Tamil Nadu,TN_Nilgiris,Nilgiris,15,1,14,0,0,0,0,0,0,,
558,TN,Tamil Nadu,TN_Perambalur,Perambalur,143,4,139,0,0,0,0,0,0,,
559,TN,Tamil Nadu,TN_Pudukkottai,Pudukkottai,28,9,18,1,0,0,0,0,0,,
560,TN,Tamil Nadu,TN_Ramanathapuram,Ramanathapuram,92,37,54,1,0,5,3,2,0,,
733,TN,Tamil Nadu,TN_Ranipet,Ranipet,108,23,85,0,0,5,5,0,0,,
561,TN,Tamil Nadu,TN_Salem,Salem,223,169,54,0,0,3,3,0,0,,
562,TN,Tamil Nadu,TN_Sivaganga,Sivaganga,35,6,29,0,0,0,-1,1,0,,
731,TN,Tamil Nadu,TN_Tenkasi,Tenkasi,94,21,73,0,0,4,-1,5,0,,
563,TN,Tamil Nadu,TN_Thanjavur,Thanjavur,102,22,80,0,0,6,5,1,0,,
565,TN,Tamil Nadu,TN_Theni,Theni,115,14,99,2,0,1,0,1,0,,
566,TN,Tamil Nadu,TN_Thiruvallur,Thiruvallur,1081,441,630,10,0,58,44,14,0,,
567,TN,Tamil Nadu,TN_Thiruvarur,Thiruvarur,51,15,36,0,0,2,2,0,0,,
568,TN,Tamil Nadu,TN_Thoothukkudi,Thoothukkudi,295,136,157,2,0,17,9,8,0,,
569,TN,Tamil Nadu,TN_Tiruchirappalli,Tiruchirappalli,97,21,76,0,0,0,-6,6,0,,
570,TN,Tamil Nadu,TN_Tirunelveli,Tirunelveli,384,104,279,1,0,12,9,3,0,,
735,TN,Tamil Nadu,TN_Tirupathur,Tirupathur,42,13,29,0,0,4,3,1,0,,
571,TN,Tamil Nadu,TN_Tiruppur,Tiruppur,114,0,114,0,0,0,0,0,0,,
572,TN,Tamil Nadu,TN_Tiruvannamalai,Tiruvannamalai,461,309,150,2,0,21,17,4,0,,
573,TN,Tamil Nadu,TN_Vellore,Vellore,51,13,37,1,0,4,1,3,0,,
574,TN,Tamil Nadu,TN_Viluppuram,Viluppuram,377,52,323,2,0,1,1,0,0,,
575,TN,Tamil Nadu,TN_Virudhunagar,Virudhunagar,128,38,90,0,0,1,-27,28,0,,
609,TR,Tripura,TR_Dhalai,Dhalai,194,31,163,0,0,0,0,0,0,,
610,TR,Tripura,TR_Gomati,Gomati,51,49,2,0,0,0,0,0,0,,
611,TR,Tripura,TR_Khowai,Khowai,16,15,1,0,0,0,0,0,0,,
612,TR,Tripura,TR_North Tripura,North Tripura,9,5,4,0,0,0,0,0,0,,
613,TR,Tripura,TR_Sipahijala,Sipahijala,102,100,2,0,0,0,0,0,0,,
614,TR,Tripura,TR_South Tripura,South Tripura,30,30,0,0,0,0,0,0,0,,
615,TR,Tripura,TR_Unokoti,Unokoti,47,46,1,0,0,0,0,0,0,,
616,TR,Tripura,TR_West Tripura,West Tripura,22,22,0,0,0,0,0,0,0,,
617,UP,Uttar Pradesh,UP_Agra,Agra,904,89,770,45,0,8,8,0,0,,
618,UP,Uttar Pradesh,UP_Aligarh,Aligarh,170,66,88,16,0,8,7,1,0,,
619,UP,Uttar Pradesh,UP_Ambedkar Nagar,Ambedkar Nagar,70,40,27,3,0,0,0,0,0,,
620,UP,Uttar Pradesh,UP_Amethi,Amethi,171,142,29,0,0,0,0,0,0,,
621,UP,Uttar Pradesh,UP_Amroha,Amroha,68,33,34,1,0,0,0,0,0,,
622,UP,Uttar Pradesh,UP_Auraiya,Auraiya,35,13,22,0,0,2,1,1,0,,
765,UP,Uttar Pradesh,UP_Ayodhya,Ayodhya,116,65,48,3,0,0,0,0,0,,
623,UP,Uttar Pradesh,UP_Azamgarh,Azamgarh,125,109,14,2,0,3,3,0,0,,
624,UP,Uttar Pradesh,UP_Baghpat,Baghpat,46,19,26,1,0,2,2,0,0,,
625,UP,Uttar Pradesh,UP_Bahraich,Bahraich,90,28,62,0,0,2,2,0,0,,
626,UP,Uttar Pradesh,UP_Ballia,Ballia,56,29,27,0,0,0,0,0,0,,
627,UP,Uttar Pradesh,UP_Balrampur,Balrampur,44,14,30,0,0,1,1,0,0,,
628,UP,Uttar Pradesh,UP_Banda,Banda,25,2,23,0,0,0,0,0,0,,
629,UP,Uttar Pradesh,UP_Barabanki,Barabanki,163,31,131,1,0,0,0,0,0,,
630,UP,Uttar Pradesh,UP_Bareilly,Bareilly,62,40,20,2,0,0,0,0,0,,
631,UP,Uttar Pradesh,UP_Basti,Basti,209,163,42,4,0,0,0,0,0,,
632,UP,Uttar Pradesh,UP_Bhadohi,Bhadohi,43,36,7,0,0,0,0,0,0,,
633,UP,Uttar Pradesh,UP_Bijnor,Bijnor,116,51,63,2,0,2,2,0,0,,
634,UP,Uttar Pradesh,UP_Budaun,Budaun,41,7,34,0,0,0,0,0,0,,
635,UP,Uttar Pradesh,UP_Bulandshahr,Bulandshahr,157,58,97,2,0,19,17,2,0,,
636,UP,Uttar Pradesh,UP_Chandauli,Chandauli,26,11,15,0,0,0,-1,1,0,,
637,UP,Uttar Pradesh,UP_Chitrakoot,Chitrakoot,41,20,19,2,0,3,3,0,0,,
638,UP,Uttar Pradesh,UP_Deoria,Deoria,101,73,27,1,0,0,0,0,0,,
639,UP,Uttar Pradesh,UP_Etah,Etah,42,27,11,4,0,4,3,1,0,,
640,UP,Uttar Pradesh,UP_Etawah,Etawah,57,30,26,1,0,0,-16,16,0,,
642,UP,Uttar Pradesh,UP_Farrukhabad,Farrukhabad,41,21,19,1,0,3,3,0,0,,
643,UP,Uttar Pradesh,UP_Fatehpur,Fatehpur,55,26,29,0,0,1,1,0,0,,
644,UP,Uttar Pradesh,UP_Firozabad,Firozabad,288,73,202,13,0,1,1,0,0,,
645,UP,Uttar Pradesh,UP_Gautam Buddha Nagar,Gautam Buddha Nagar,528,222,299,7,0,2,-8,10,0,,
646,UP,Uttar Pradesh,UP_Ghaziabad,Ghaziabad,348,122,221,5,0,3,-1,4,0,,
647,UP,Uttar Pradesh,UP_Ghazipur,Ghazipur,134,66,68,0,0,7,7,0,0,,
648,UP,Uttar Pradesh,UP_Gonda,Gonda,70,26,44,0,0,2,2,0,0,,
649,UP,Uttar Pradesh,UP_Gorakhpur,Gorakhpur,114,79,29,6,0,3,-1,4,0,,
650,UP,Uttar Pradesh,UP_Hamirpur,Hamirpur,5,1,4,0,0,0,0,0,0,,
651,UP,Uttar Pradesh,UP_Hapur,Hapur,150,69,79,2,0,1,1,0,0,,
652,UP,Uttar Pradesh,UP_Hardoi,Hardoi,77,58,19,0,0,16,16,0,0,,
653,UP,Uttar Pradesh,UP_Hathras,Hathras,35,15,20,0,0,1,1,0,0,,
654,UP,Uttar Pradesh,UP_Jalaun,Jalaun,44,1,41,2,0,0,0,0,0,,
655,UP,Uttar Pradesh,UP_Jaunpur,Jaunpur,193,97,93,3,0,10,9,1,0,,
656,UP,Uttar Pradesh,UP_Jhansi,Jhansi,43,12,26,5,0,0,0,0,0,,
657,UP,Uttar Pradesh,UP_Kannauj,Kannauj,72,47,25,0,0,0,0,0,0,,
658,UP,Uttar Pradesh,UP_Kanpur Dehat,Kanpur Dehat,20,11,8,1,0,0,-2,2,0,,
659,UP,Uttar Pradesh,UP_Kanpur Nagar,Kanpur Nagar,389,70,306,13,0,1,1,0,0,,
660,UP,Uttar Pradesh,UP_Kasganj,Kasganj,20,7,13,0,0,0,0,0,0,,
661,UP,Uttar Pradesh,UP_Kaushambi,Kaushambi,49,2,47,0,0,0,-4,4,0,,
663,UP,Uttar Pradesh,UP_Kushinagar,Kushinagar,27,18,7,2,0,0,-1,1,0,,
662,UP,Uttar Pradesh,UP_Lakhimpur Kheri,Lakhimpur Kheri,70,28,42,0,0,1,1,0,0,,
664,UP,Uttar Pradesh,UP_Lalitpur,Lalitpur,3,2,0,1,0,0,0,0,0,,
665,UP,Uttar Pradesh,UP_Lucknow,Lucknow,409,99,306,4,0,4,4,0,0,,
667,UP,Uttar Pradesh,UP_Maharajganj,Maharajganj,66,39,26,1,0,2,2,0,0,,
666,UP,Uttar Pradesh,UP_Mahoba,Mahoba,12,8,3,1,0,0,0,0,0,,
668,UP,Uttar Pradesh,UP_Mainpuri,Mainpuri,54,26,26,2,0,0,0,0,0,,
669,UP,Uttar Pradesh,UP_Mathura,Mathura,83,25,52,6,0,0,0,0,0,,
670,UP,Uttar Pradesh,UP_Mau,Mau,43,32,10,1,0,4,3,0,1,,
671,UP,Uttar Pradesh,UP_Meerut,Meerut,468,112,327,29,0,7,3,4,0,,
672,UP,Uttar Pradesh,UP_Mirzapur,Mirzapur,35,13,22,0,0,1,1,0,0,,
673,UP,Uttar Pradesh,UP_Moradabad,Moradabad,238,67,161,10,0,0,0,0,0,,
674,UP,Uttar Pradesh,UP_Muzaffarnagar,Muzaffarnagar,95,49,45,1,0,0,-17,17,0,,
675,UP,Uttar Pradesh,UP_Pilibhit,Pilibhit,47,10,37,0,0,0,0,0,0,,
676,UP,Uttar Pradesh,UP_Pratapgarh,Pratapgarh,79,32,44,3,0,0,-1,1,0,,
677,UP,Uttar Pradesh,UP_Prayagraj,Prayagraj,109,39,67,3,0,3,3,0,0,,
678,UP,Uttar Pradesh,UP_Rae Bareli,Rae Bareli,73,14,58,1,0,1,1,0,0,,
679,UP,Uttar Pradesh,UP_Rampur,Rampur,187,80,106,1,0,3,3,0,0,,
680,UP,Uttar Pradesh,UP_Saharanpur,Saharanpur,261,44,217,0,0,0,0,0,0,,
681,UP,Uttar Pradesh,UP_Sambhal,Sambhal,113,56,56,1,0,0,0,0,0,,
682,UP,Uttar Pradesh,UP_Sant Kabir Nagar,Sant Kabir Nagar,117,70,41,6,0,0,-5,5,0,,
683,UP,Uttar Pradesh,UP_Shahjahanpur,Shahjahanpur,31,17,14,0,0,0,0,0,0,,
684,UP,Uttar Pradesh,UP_Shamli,Shamli,47,11,36,0,0,0,0,0,0,,
685,UP,Uttar Pradesh,UP_Shrawasti,Shrawasti,34,13,20,1,0,0,0,0,0,,
686,UP,Uttar Pradesh,UP_Siddharthnagar,Siddharthnagar,137,86,49,2,0,9,4,5,0,,
687,UP,Uttar Pradesh,UP_Sitapur,Sitapur,42,3,39,0,0,0,0,0,0,,
688,UP,Uttar Pradesh,UP_Sonbhadra,Sonbhadra,9,6,3,0,0,0,0,0,0,,
689,UP,Uttar Pradesh,UP_Sultanpur,Sultanpur,90,64,26,0,0,0,0,0,0,,
690,UP,Uttar Pradesh,UP_Unnao,Unnao,41,25,14,2,0,1,1,0,0,,
691,UP,Uttar Pradesh,UP_Varanasi,Varanasi,197,74,119,4,0,0,-1,1,0,,
692,UT,Uttarakhand,UT_Almora,Almora,63,52,11,0,0,0,0,0,0,,
693,UT,Uttarakhand,UT_Bageshwar,Bageshwar,21,15,6,0,0,0,0,0,0,,
694,UT,Uttarakhand,UT_Chamoli,Chamoli,23,23,0,0,0,4,4,0,0,,
695,UT,Uttarakhand,UT_Champawat,Champawat,33,25,7,1,0,0,0,0,0,,
696,UT,Uttarakhand,UT_Dehradun,Dehradun,287,235,44,5,3,8,4,3,1,,
697,UT,Uttarakhand,UT_Haridwar,Haridwar,86,73,13,0,0,9,9,0,0,,
698,UT,Uttarakhand,UT_Nainital,Nainital,286,167,118,1,0,1,0,1,0,,
699,UT,Uttarakhand,UT_Pauri Garhwal,Pauri Garhwal,38,33,4,1,0,1,4,-3,0,,
700,UT,Uttarakhand,UT_Pithoragarh,Pithoragarh,27,27,0,0,0,0,0,0,0,,
701,UT,Uttarakhand,UT_Rudraprayag,Rudraprayag,8,8,0,0,0,0,0,0,0,,
702,UT,Uttarakhand,UT_Tehri Garhwal,Tehri Garhwal,91,86,5,0,0,0,-5,5,0,,
703,UT,Uttarakhand,UT_Udham Singh Nagar,Udham Singh Nagar,82,38,44,0,0,0,-1,1,0,,
704,UT,Uttarakhand,UT_Uttarkashi,Uttarkashi,21,14,7,0,0,0,0,0,0,,
705,WB,West Bengal,WB_Alipurduar,Alipurduar,8,8,0,0,0,3,3,0,0,,
706,WB,West Bengal,WB_Bankura,Bankura,71,52,19,0,0,15,14,1,0,,
707,WB,West Bengal,WB_Birbhum,Birbhum,167,77,89,1,0,1,-13,14,0,,
708,WB,West Bengal,WB_Cooch Behar,Cooch Behar,132,132,0,0,0,14,14,0,0,,
709,WB,West Bengal,WB_Dakshin Dinajpur,Dakshin Dinajpur,40,34,6,0,0,7,7,0,0,,
710,WB,West Bengal,WB_Darjeeling,Darjeeling,50,39,9,2,0,12,11,0,1,,
711,WB,West Bengal,WB_Hooghly,Hooghly,382,209,162,11,0,38,38,0,0,,
712,WB,West Bengal,WB_Howrah,Howrah,1214,722,453,39,0,58,47,10,1,,
713,WB,West Bengal,WB_Jalpaiguri,Jalpaiguri,18,14,4,0,0,3,3,0,0,,
714,WB,West Bengal,WB_Jhargram,Jhargram,6,0,6,0,0,0,0,0,0,,
715,WB,West Bengal,WB_Kalimpong,Kalimpong,9,2,6,1,0,2,2,0,0,,
716,WB,West Bengal,WB_Kolkata,Kolkata,2394,1195,970,229,0,99,92,0,7,,
717,WB,West Bengal,WB_Malda,Malda,153,76,77,0,0,10,6,4,0,,
719,WB,West Bengal,WB_Murshidabad,Murshidabad,108,41,65,2,0,5,-4,9,0,,
720,WB,West Bengal,WB_Nadia,Nadia,103,81,21,1,0,4,-2,6,0,,
721,WB,West Bengal,WB_North 24 Parganas,North 24 Parganas,869,521,303,45,0,42,41,1,0,,
0,WB,West Bengal,WB_Other State,Other State,60,43,14,3,0,1,1,0,0,,
722,WB,West Bengal,WB_Paschim Bardhaman,Paschim Bardhaman,57,33,22,2,0,1,1,0,0,,
718,WB,West Bengal,WB_Paschim Medinipur,Paschim Medinipur,54,26,27,1,0,2,2,0,0,,
723,WB,West Bengal,WB_Purba Bardhaman,Purba Bardhaman,105,56,49,0,0,6,-1,7,0,,
724,WB,West Bengal,WB_Purba Medinipur,Purba Medinipur,117,70,46,1,0,3,3,0,0,,
725,WB,West Bengal,WB_Purulia,Purulia,19,19,0,0,0,10,10,0,0,,
726,WB,West Bengal,WB_South 24 Parganas,South 24 Parganas,206,115,84,7,0,4,3,0,1,,
727,WB,West Bengal,WB_Uttar Dinajpur,Uttar Dinajpur,166,18,148,0,0,0,-118,118,0,,
728,AN,Andaman and Nicobar Islands,AN_Unknown,Unknown,0,0,0,0,,0,0,0,0,,
729,AP,Andhra Pradesh,AP_Unknown,Unknown,0,-8,8,0,,0,0,0,0,,
730,AR,Arunachal Pradesh,AR_Unknown,Unknown,0,0,0,0,,0,0,0,0,,
731,AS,Assam,AS_Unknown,Unknown,17,-50,67,0,,0,0,0,0,,
732,BR,Bihar,BR_Unknown,Unknown,0,0,0,0,,0,0,0,0,,
733,CH,Chandigarh,CH_Unknown,Unknown,0,0,0,0,,0,0,0,0,,
734,CT,Chhattisgarh,CT_Unknown,Unknown,2,2,0,0,,0,0,0,0,,
735,DN,Dadra and Nagar Haveli and Daman and Diu,DN_Unknown,Unknown,0,0,0,0,,0,0,0,0,,
737,DL,Delhi,DL_Unknown,Unknown,22857,12701,9542,614,,0,0,0,0,,
738,GA,Goa,GA_Unknown,Unknown,55,5,50,0,,0,0,0,0,,
739,GJ,Gujarat,GJ_Unknown,Unknown,0,0,0,0,,0,0,0,0,,
740,HR,Haryana,HR_Unknown,Unknown,0,0,0,0,,0,0,0,0,,
741,HP,Himachal Pradesh,HP_Unknown,Unknown,0,0,0,0,,0,0,0,0,,
742,JK,Jammu and Kashmir,JK_Unknown,Unknown,0,0,0,0,,0,0,0,0,,
743,JH,Jharkhand,JH_Unknown,Unknown,0,0,0,0,,0,0,0,0,,
744,KA,Karnataka,KA_Unknown,Unknown,0,0,0,0,,0,0,0,0,,
745,KL,Kerala,KL_Unknown,Unknown,7,7,0,0,,0,0,0,0,,
746,LA,Ladakh,LA_Unknown,Unknown,0,-1,0,1,,0,0,0,0,,
747,LD,Lakshadweep,LD_Unknown,Unknown,0,0,0,0,,0,0,0,0,,
748,MP,Madhya Pradesh,MP_Unknown,Unknown,0,0,0,0,,0,0,0,0,,
749,MH,Maharashtra,MH_Unknown,Unknown,0,0,0,0,,0,0,0,0,,
750,MN,Manipur,MN_Unknown,Unknown,28,10,18,0,,0,0,0,0,,
751,ML,Meghalaya,ML_Unknown,Unknown,5,5,0,0,,0,0,0,0,,
752,MZ,Mizoram,MZ_Unknown,Unknown,12,12,0,0,,0,0,0,0,,
753,NL,Nagaland,NL_Unknown,Unknown,9,9,0,0,,0,0,0,0,,
754,OR,Odisha,OR_Unknown,Unknown,0,0,0,0,,0,0,0,0,,
755,PY,Puducherry,PY_Unknown,Unknown,6,6,0,0,,0,0,0,0,,
756,PB,Punjab,PB_Unknown,Unknown,0,0,0,0,,0,0,0,0,,
757,RJ,Rajasthan,RJ_Unknown,Unknown,0,0,0,0,,0,0,0,0,,
758,SK,Sikkim,SK_Unknown,Unknown,0,0,0,0,,0,0,0,0,,
759,TN,Tamil Nadu,TN_Unknown,Unknown,0,-8,0,8,,0,0,0,0,,
760,TG,Telangana,TG_Unknown,Unknown,357,-717,1005,69,,0,0,0,0,,
761,TR,Tripura,TR_Unknown,Unknown,49,49,0,0,,0,0,0,0,,
762,UP,Uttar Pradesh,UP_Unknown,Unknown,0,0,0,0,,0,0,0,0,,
763,UT,Uttarakhand,UT_Unknown,Unknown,0,0,0,0,,0,0,0,0,,
764,WB,West Bengal,WB_Unknown,Unknown,0,0,0,0,,0,0,0,0,,