SlNo,State_Code,State,District_Key,District,Confirmed,Active,Recovered,Deceased,Delta_Confirmed,Delta_Active,Delta_Recovered,Delta_Deceased,District_Notes,Last_Updated
0,UN,State Unassigned,UN_Unassigned,Unassigned,4332,4332,0,0,319,319,0,0,,
1,AN,Andaman and Nicobar Islands,AN_Nicobars,Nicobars,0,0,0,0,0,0,0,0,,
2,AN,Andaman and Nicobar Islands,AN_North and Middle Andaman,North and Middle Andaman,1,0,1,0,0,0,0,0,,
3,AN,Andaman and Nicobar Islands,AN_South Andaman,South Andaman,32,0,32,0,0,0,0,0,,
0,AP,Andhra Pradesh,AP_Foreign Evacuees,Foreign Evacuees,111,111,0,0,0,0,0,0,,
4,AP,Andhra Pradesh,AP_Anantapur,Anantapur,209,101,104,4,3,3,0,0,,
5,AP,Andhra Pradesh,AP_Chittoor,Chittoor,238,79,158,1,4,-3,7,0,,
6,AP,Andhra Pradesh,AP_East Godavari,East Godavari,154,103,49,2,7,6,1,0,,
7,AP,Andhra Pradesh,AP_Guntur,Guntur,465,86,371,8,13,-5,18,0,,
8,AP,Andhra Pradesh,AP_Krishna,Krishna,445,122,306,17,0,-8,8,0,,
9,AP,Andhra Pradesh,AP_Kurnool,Kurnool,688,134,532,22,15,11,3,1,,
0,AP,Andhra Pradesh,AP_Other State,Other State,293,126,167,0,74,51,23,0,,
10,AP,Andhra Pradesh,AP_Prakasam,Prakasam,75,9,66,0,3,1,2,0,,
11,AP,Andhra Pradesh,AP_S.P.S. Nellore,S.P.S. Nellore,233,86,143,4,2,2,0,0,,
12,AP,Andhra Pradesh,AP_Srikakulam,Srikakulam,21,12,9,0,0,-1,1,0,,
13,AP,Andhra Pradesh,AP_Visakhapatnam,Visakhapatnam,99,36,62,1,6,6,0,0,,
14,AP,Andhra Pradesh,AP_Vizianagaram,Vizianagaram,22,18,4,0,0,0,0,0,,
15,AP,Andhra Pradesh,AP_West Godavari,West Godavari,83,28,55,0,0,-1,1,0,,
16,AP,Andhra Pradesh,AP_Y.S.R. Kadapa,Y.S.R. Kadapa,109,10,99,0,1,-3,4,0,,
17,AR,Arunachal Pradesh,AR_Anjaw,Anjaw,0,0,0,0,0,0,0,0,,
18,AR,Arunachal Pradesh,AR_Changlang,Changlang,0,0,0,0,0,0,0,0,,
19,AR,Arunachal Pradesh,AR_East Kameng,East Kameng,0,0,0,0,0,0,0,0,,
20,AR,Arunachal Pradesh,AR_East Siang,East Siang,0,0,0,0,0,0,0,0,,
21,AR,Arunachal Pradesh,AR_Kamle,Kamle,0,0,0,0,0,0,0,0,,
22,AR,Arunachal Pradesh,AR_Kra Daadi,Kra Daadi,0,0,0,0,0,0,0,0,,
23,AR,Arunachal Pradesh,AR_Kurung Kumey,Kurung Kumey,0,0,0,0,0,0,0,0,,
24,AR,Arunachal Pradesh,AR_Lepa Rada,Lepa Rada,0,0,0,0,0,0,0,0,,
25,AR,Arunachal Pradesh,AR_Lohit,Lohit,1,0,1,0,0,0,0,0,,
26,AR,Arunachal Pradesh,AR_Longding,Longding,0,0,0,0,0,0,0,0,,
27,AR,Arunachal Pradesh,AR_Lower Dibang Valley,Lower Dibang Valley,0,0,0,0,0,0,0,0,,
28,AR,Arunachal Pradesh,AR_Lower Siang,Lower Siang,0,0,0,0,0,0,0,0,,
29,AR,Arunachal Pradesh,AR_Lower Subansiri,Lower Subansiri,0,0,0,0,0,0,0,0,,
30,AR,Arunachal Pradesh,AR_Namsai,Namsai,0,0,0,0,0,0,0,0,,
31,AR,Arunachal Pradesh,AR_Pakke Kessang,Pakke Kessang,0,0,0,0,0,0,0,0,,
32,AR,Arunachal Pradesh,AR_Papum Pare,Papum Pare,0,0,0,0,0,0,0,0,,
33,AR,Arunachal Pradesh,AR_Shi Yomi,Shi Yomi,0,0,0,0,0,0,0,0,,
34,AR,Arunachal Pradesh,AR_Siang,Siang,0,0,0,0,0,0,0,0,,
35,AR,Arunachal Pradesh,AR_Tawang,Tawang,0,0,0,0,0,0,0,0,,
36,AR,Arunachal Pradesh,AR_Tirap,Tirap,0,0,0,0,0,0,0,0,,
37,AR,Arunachal Pradesh,AR_Upper Dibang Valley,Upper Dibang Valley,0,0,0,0,0,0,0,0,,
38,AR,Arunachal Pradesh,AR_Upper Siang,Upper Siang,0,0,0,0,0,0,0,0,,
39,AR,Arunachal Pradesh,AR_Upper Subansiri,Upper Subansiri,0,0,0,0,0,0,0,0,,
40,AR,Arunachal Pradesh,AR_West Kameng,West Kameng,0,0,0,0,0,0,0,0,,
41,AR,Arunachal Pradesh,AR_West Siang,West Siang,0,0,0,0,0,0,0,0,,
42,AS,Assam,AS_Baksa,Baksa,0,0,0,0,0,0,0,0,,
43,AS,Assam,AS_Barpeta,Barpeta,16,16,0,0,3,3,0,0,,
44,AS,Assam,AS_Biswanath,Biswanath,2,2,0,0,0,0,0,0,,
45,AS,Assam,AS_Bongaigaon,Bongaigaon,5,0,5,0,0,0,0,0,,
46,AS,Assam,AS_Cachar,Cachar,45,34,11,0,11,10,1,0,,
47,AS,Assam,AS_Charaideo,Charaideo,9,9,0,0,0,0,0,0,,
48,AS,Assam,AS_Chirang,Chirang,6,6,0,0,0,0,0,0,,
49,AS,Assam,AS_Darrang,Darrang,8,8,0,0,0,0,0,0,,
50,AS,Assam,AS_Dhemaji,Dhemaji,8,8,0,0,3,3,0,0,,
51,AS,Assam,AS_Dhubri,Dhubri,9,4,5,0,0,0,0,0,,
52,AS,Assam,AS_Dibrugarh,Dibrugarh,4,4,0,0,3,3,0,0,,
53,AS,Assam,AS_Dima Hasao,Dima Hasao,8,8,0,0,1,1,0,0,,
54,AS,Assam,AS_Goalpara,Goalpara,16,12,4,0,0,0,0,0,,
55,AS,Assam,AS_Golaghat,Golaghat,143,134,9,0,0,0,0,0,,
56,AS,Assam,AS_Hailakandi,Hailakandi,12,11,0,1,2,2,0,0,,
57,AS,Assam,AS_Hojai,Hojai,47,47,0,0,1,1,0,0,,
58,AS,Assam,AS_Jorhat,Jorhat,12,8,4,0,0,0,0,0,,
59,AS,Assam,AS_Kamrup,Kamrup,22,21,1,0,0,0,0,0,,
60,AS,Assam,AS_Kamrup Metropolitan,Kamrup Metropolitan,279,251,25,3,32,17,15,0,,
61,AS,Assam,AS_Karbi Anglong,Karbi Anglong,4,4,0,0,0,0,0,0,,
62,AS,Assam,AS_Karimganj,Karimganj,33,31,2,0,0,0,0,0,,
63,AS,Assam,AS_Kokrajhar,Kokrajhar,15,15,0,0,2,2,0,0,,
64,AS,Assam,AS_Lakhimpur,Lakhimpur,28,27,1,0,1,1,0,0,,
65,AS,Assam,AS_Majuli,Majuli,0,0,0,0,0,0,0,0,,
66,AS,Assam,AS_Morigaon,Morigaon,26,20,6,0,0,0,0,0,,
67,AS,Assam,AS_Nagaon,Nagaon,33,33,0,0,10,10,0,0,,
68,AS,Assam,AS_Nalbari,Nalbari,17,13,4,0,0,0,0,0,,
0,AS,Assam,AS_Other State,Other State,1,0,1,0,0,0,0,0,,
69,AS,Assam,AS_Sivasagar,Sivasagar,13,13,0,0,0,0,0,0,,
70,AS,Assam,AS_Sonitpur,Sonitpur,14,14,0,0,0,0,0,0,,
71,AS,Assam,AS_South Salmara Mankachar,South Salmara Mankachar,4,3,1,0,0,0,0,0,,
72,AS,Assam,AS_Tinsukia,Tinsukia,6,6,0,0,0,0,0,0,,
73,AS,Assam,AS_Udalguri,Udalguri,3,3,0,0,0,0,0,0,,
74,AS,Assam,AS_West Karbi Anglong,West Karbi Anglong,5,5,0,0,0,0,0,0,,
75,BR,Bihar,BR_Araria,Araria,29,24,5,0,0,0,0,0,,
76,BR,Bihar,BR_Arwal,Arwal,41,31,10,0,1,1,0,0,,
77,BR,Bihar,BR_Aurangabad,Aurangabad,63,40,23,0,1,1,0,0,,
78,BR,Bihar,BR_Banka,Banka,105,98,7,0,0,0,0,0,,
79,BR,Bihar,BR_Begusarai,Begusarai,180,145,34,1,20,20,0,0,,
80,BR,Bihar,BR_Bhagalpur,Bhagalpur,112,77,35,0,17,17,0,0,,
81,BR,Bihar,BR_Bhojpur,Bhojpur,54,31,23,0,7,7,0,0,,
82,BR,Bihar,BR_Buxar,Buxar,114,55,59,0,0,0,0,0,,
83,BR,Bihar,BR_Darbhanga,Darbhanga,69,54,15,0,0,0,0,0,,
101,BR,Bihar,BR_East Champaran,East Champaran,94,81,12,1,11,11,0,0,,
84,BR,Bihar,BR_Gaya,Gaya,65,57,8,0,12,12,0,0,,
85,BR,Bihar,BR_Gopalganj,Gopalganj,101,51,50,0,2,2,0,0,,
86,BR,Bihar,BR_Jamui,Jamui,29,18,11,0,0,0,0,0,,
87,BR,Bihar,BR_Jehanabad,Jehanabad,112,104,7,1,0,0,0,0,,
88,BR,Bihar,BR_Kaimur,Kaimur,57,22,35,0,4,4,0,0,,
89,BR,Bihar,BR_Katihar,Katihar,134,125,9,0,0,0,0,0,,
90,BR,Bihar,BR_Khagaria,Khagaria,148,129,17,2,5,5,0,0,,
91,BR,Bihar,BR_Kishanganj,Kishanganj,32,20,12,0,0,0,0,0,,
92,BR,Bihar,BR_Lakhisarai,Lakhisarai,32,25,7,0,0,0,0,0,,
93,BR,Bihar,BR_Madhepura,Madhepura,52,43,9,0,0,0,0,0,,
94,BR,Bihar,BR_Madhubani,Madhubani,176,154,22,0,0,0,0,0,,
95,BR,Bihar,BR_Munger,Munger,148,30,117,1,0,0,0,0,,
96,BR,Bihar,BR_Muzaffarpur,Muzaffarpur,43,26,17,0,3,3,0,0,,
97,BR,Bihar,BR_Nalanda,Nalanda,104,32,71,1,13,13,0,0,,
98,BR,Bihar,BR_Nawada,Nawada,81,56,25,0,10,10,0,0,,
100,BR,Bihar,BR_Patna,Patna,232,156,74,2,14,14,0,0,,
102,BR,Bihar,BR_Purnia,Purnia,59,52,7,0,12,12,0,0,,
103,BR,Bihar,BR_Rohtas,Rohtas,201,135,65,1,0,0,0,0,,
104,BR,Bihar,BR_Saharsa,Saharsa,57,55,2,0,0,0,0,0,,
105,BR,Bihar,BR_Samastipur,Samastipur,62,37,25,0,0,0,0,0,,
106,BR,Bihar,BR_Saran,Saran,52,42,9,1,5,5,0,0,,
107,BR,Bihar,BR_Sheikhpura,Sheikhpura,52,42,10,0,0,0,0,0,,
108,BR,Bihar,BR_Sheohar,Sheohar,7,5,2,0,0,0,0,0,,
109,BR,Bihar,BR_Sitamarhi,Sitamarhi,50,43,6,1,0,0,0,0,,
110,BR,Bihar,BR_Siwan,Siwan,72,30,41,1,5,5,0,0,,
111,BR,Bihar,BR_Supaul,Supaul,60,52,8,0,3,3,0,0,,
112,BR,Bihar,BR_Vaishali,Vaishali,64,51,11,2,4,4,0,0,,
99,BR,Bihar,BR_West Champaran,West Champaran,42,24,18,0,0,0,0,0,,
113,CH,Chandigarh,CH_Chandigarh,Chandigarh,289,96,189,4,10,8,2,0,,
114,CT,Chhattisgarh,CT_Balod,Balod,24,14,10,0,0,0,0,0,,
115,CT,Chhattisgarh,CT_Baloda Bazar,Baloda Bazar,20,16,4,0,0,0,0,0,,
116,CT,Chhattisgarh,CT_Balrampur,Balrampur,9,9,0,0,0,0,0,0,,
117,CT,Chhattisgarh,CT_Bametara,Bametara,15,15,0,0,0,0,0,0,,
118,CT,Chhattisgarh,CT_Bastar,Bastar,1,1,0,0,1,1,0,0,,
119,CT,Chhattisgarh,CT_Bijapur,Bijapur,0,0,0,0,0,0,0,0,,
120,CT,Chhattisgarh,CT_Bilaspur,Bilaspur,47,46,1,0,4,4,0,0,,
121,CT,Chhattisgarh,CT_Dakshin Bastar Dantewada,Dakshin Bastar Dantewada,0,0,0,0,0,0,0,0,,
122,CT,Chhattisgarh,CT_Dhamtari,Dhamtari,2,2,0,0,0,0,0,0,,
123,CT,Chhattisgarh,CT_Durg,Durg,10,0,10,0,0,0,0,0,,
124,CT,Chhattisgarh,CT_Gariaband,Gariaband,5,4,1,0,0,0,0,0,,
125,CT,Chhattisgarh,CT_Janjgir Champa,Janjgir Champa,15,10,5,0,0,0,0,0,,
126,CT,Chhattisgarh,CT_Jashpur,Jashpur,16,16,0,0,13,13,0,0,,
127,CT,Chhattisgarh,CT_Kabeerdham,Kabeerdham,13,6,7,0,0,0,0,0,,
128,CT,Chhattisgarh,CT_Kondagaon,Kondagaon,0,0,0,0,0,0,0,0,,
129,CT,Chhattisgarh,CT_Korba,Korba,41,12,29,0,0,0,0,0,,
130,CT,Chhattisgarh,CT_Koriya,Koriya,9,8,1,0,1,1,0,0,,
131,CT,Chhattisgarh,CT_Mahasamund,Mahasamund,0,0,0,0,0,0,0,0,,
132,CT,Chhattisgarh,CT_Mungeli,Mungeli,81,81,0,0,11,11,0,0,,
133,CT,Chhattisgarh,CT_Narayanpur,Narayanpur,0,0,0,0,0,0,0,0,,
134,CT,Chhattisgarh,CT_Raigarh,Raigarh,13,13,0,0,2,2,0,0,,
135,CT,Chhattisgarh,CT_Raipur,Raipur,9,2,7,0,0,0,0,0,,
136,CT,Chhattisgarh,CT_Rajnandgaon,Rajnandgaon,35,34,1,0,-1,-1,0,0,,
137,CT,Chhattisgarh,CT_Sukma,Sukma,0,0,0,0,0,0,0,0,,
138,CT,Chhattisgarh,CT_Surajpur,Surajpur,8,1,7,0,0,0,0,0,,
139,CT,Chhattisgarh,CT_Surguja,Surguja,7,7,0,0,0,0,0,0,,
140,CT,Chhattisgarh,CT_Uttar Bastar Kanker,Uttar Bastar Kanker,15,15,0,0,2,2,0,0,,
766,CT,Chhattisgarh,CT_Gaurela Pendra Marwahi,Gaurela Pendra Marwahi,3,3,0,0,0,0,0,0,,
144,DL,Delhi,DL_Central Delhi,Central Delhi,184,184,0,0,0,0,0,0,,
145,DL,Delhi,DL_East Delhi,East Delhi,38,38,0,0,0,0,0,0,,
146,DL,Delhi,DL_New Delhi,New Delhi,37,37,0,0,0,0,0,0,,
147,DL,Delhi,DL_North Delhi,North Delhi,60,60,0,0,0,0,0,0,,
148,DL,Delhi,DL_North East Delhi,North East Delhi,25,25,0,0,0,0,0,0,,
149,DL,Delhi,DL_North West Delhi,North West Delhi,32,31,0,1,0,0,0,0,,
150,DL,Delhi,DL_Shahdara,Shahdara,48,48,0,0,0,0,0,0,,
151,DL,Delhi,DL_South Delhi,South Delhi,70,70,0,0,0,0,0,0,,
152,DL,Delhi,DL_South East Delhi,South East Delhi,130,130,0,0,0,0,0,0,,
153,DL,Delhi,DL_South West Delhi,South West Delhi,42,42,0,0,0,0,0,0,,
154,DL,Delhi,DL_West Delhi,West Delhi,122,122,0,0,0,0,0,0,,
141,DN,Dadra and Nagar Haveli and Daman and Diu,DN_Dadra and Nagar Haveli,Dadra and Nagar Haveli,2,1,1,0,0,0,0,0,,
142,DN,Dadra and Nagar Haveli and Daman and Diu,DN_Daman,Daman,0,0,0,0,0,0,0,0,,
143,DN,Dadra and Nagar Haveli and Daman and Diu,DN_Diu,Diu,0,0,0,0,0,0,0,0,,
155,GA,Goa,GA_North Goa,North Goa,6,0,6,0,0,0,0,0,,
156,GA,Goa,GA_South Goa,South Goa,18,17,1,0,0,0,0,0,,
0,GJ,Gujarat,GJ_Other State,Other State,10,10,0,0,0,0,0,0,,
157,GJ,Gujarat,GJ_Ahmedabad,Ahmedabad,11344,5233,5331,780,247,-150,381,16,,
158,GJ,Gujarat,GJ_Amreli,Amreli,8,6,2,0,0,-2,2,0,,
159,GJ,Gujarat,GJ_Anand,Anand,97,10,77,10,2,2,0,0,,
160,GJ,Gujarat,GJ_Aravalli,Aravalli,102,11,88,3,1,-9,10,0,,
161,GJ,Gujarat,GJ_Banaskantha,Banaskantha,103,19,80,4,1,-1,2,0,,
162,GJ,Gujarat,GJ_Bharuch,Bharuch,37,5,29,3,0,0,0,0,,
163,GJ,Gujarat,GJ_Bhavnagar,Bhavnagar,120,13,99,8,0,-2,2,0,,
164,GJ,Gujarat,GJ_Botad,Botad,59,4,54,1,1,1,0,0,,
165,GJ,Gujarat,GJ_Chhota Udaipur,Chhota Udaipur,24,3,21,0,1,1,0,0,,
167,GJ,Gujarat,GJ_Dahod,Dahod,36,14,22,0,0,0,0,0,,
187,GJ,Gujarat,GJ_Dang,Dang,2,0,2,0,0,0,0,0,,
166,GJ,Gujarat,GJ_Devbhumi Dwarka,Devbhumi Dwarka,12,1,11,0,0,0,0,0,,
168,GJ,Gujarat,GJ_Gandhinagar,Gandhinagar,241,92,136,13,4,-3,7,0,,
169,GJ,Gujarat,GJ_Gir Somnath,Gir Somnath,45,22,23,0,1,1,0,0,,
170,GJ,Gujarat,GJ_Jamnagar,Jamnagar,52,15,35,2,0,-4,4,0,,
171,GJ,Gujarat,GJ_Junagadh,Junagadh,28,16,12,0,1,-2,3,0,,
173,GJ,Gujarat,GJ_Kheda,Kheda,64,15,45,4,1,0,1,0,,
172,GJ,Gujarat,GJ_Kutch,Kutch,75,48,25,2,7,-6,12,1,,
175,GJ,Gujarat,GJ_Mahisagar,Mahisagar,113,70,41,2,8,8,0,0,,
174,GJ,Gujarat,GJ_Mehsana,Mehsana,105,41,60,4,1,1,0,0,,
176,GJ,Gujarat,GJ_Morbi,Morbi,4,2,2,0,1,1,0,0,,
177,GJ,Gujarat,GJ_Narmada,Narmada,18,5,13,0,0,0,0,0,,
178,GJ,Gujarat,GJ_Navsari,Navsari,23,15,8,0,1,1,0,0,,
179,GJ,Gujarat,GJ_Panchmahal,Panchmahal,81,6,68,7,2,2,0,0,,
180,GJ,Gujarat,GJ_Patan,Patan,76,13,57,6,1,-6,6,1,,
181,GJ,Gujarat,GJ_Porbandar,Porbandar,8,4,4,0,0,0,0,0,,
182,GJ,Gujarat,GJ_Rajkot,Rajkot,104,34,68,2,7,7,0,0,,
183,GJ,Gujarat,GJ_Sabarkantha,Sabarkantha,97,63,31,3,0,-2,2,0,,
184,GJ,Gujarat,GJ_Surat,Surat,1465,393,1007,65,44,23,21,0,,
185,GJ,Gujarat,GJ_Surendranagar,Surendranagar,32,21,10,1,1,0,0,1,,
186,GJ,Gujarat,GJ_Tapi,Tapi,6,4,2,0,0,0,0,0,,
188,GJ,Gujarat,GJ_Vadodara,Vadodara,947,378,530,39,33,30,0,3,,
189,GJ,Gujarat,GJ_Valsad,Valsad,34,23,10,1,1,0,1,0,,
212,HP,Himachal Pradesh,HP_Bilaspur,Bilaspur,18,11,7,0,0,-3,3,0,,
213,HP,Himachal Pradesh,HP_Chamba,Chamba,20,9,11,0,0,0,0,0,,
214,HP,Himachal Pradesh,HP_Hamirpur,Hamirpur,93,83,9,1,0,-2,2,0,,
215,HP,Himachal Pradesh,HP_Kangra,Kangra,69,48,20,1,4,2,2,0,,
216,HP,Himachal Pradesh,HP_Kinnaur,Kinnaur,0,0,0,0,0,0,0,0,,
217,HP,Himachal Pradesh,HP_Kullu,Kullu,1,1,0,0,0,0,0,0,,
218,HP,Himachal Pradesh,HP_Lahaul and Spiti,Lahaul and Spiti,0,0,0,0,0,0,0,0,,
219,HP,Himachal Pradesh,HP_Mandi,Mandi,12,9,1,2,1,1,0,0,,
220,HP,Himachal Pradesh,HP_Shimla,Shimla,9,7,1,1,0,0,0,0,,
221,HP,Himachal Pradesh,HP_Sirmaur,Sirmaur,4,2,2,0,0,0,0,0,,
222,HP,Himachal Pradesh,HP_Solan,Solan,23,17,5,1,3,3,0,0,,
223,HP,Himachal Pradesh,HP_Una,Una,32,15,17,0,0,0,0,0,,
0,HR,Haryana,HR_Foreign Evacuees,Foreign Evacuees,21,21,0,0,0,0,0,0,,
190,HR,Haryana,HR_Ambala,Ambala,47,5,40,2,0,0,0,0,,
191,HR,Haryana,HR_Bhiwani,Bhiwani,11,5,6,0,0,0,0,0,,
192,HR,Haryana,HR_Charkhi Dadri,Charkhi Dadri,8,7,1,0,1,1,0,0,,
193,HR,Haryana,HR_Faridabad,Faridabad,276,131,138,7,18,0,18,0,,
194,HR,Haryana,HR_Fatehabad,Fatehabad,11,4,7,0,2,1,1,0,,
195,HR,Haryana,HR_Gurugram,Gurugram,405,209,193,3,68,67,0,1,,
196,HR,Haryana,HR_Hisar,Hisar,26,21,5,0,4,2,2,0,,
0,HR,Haryana,HR_Italians,Italians,14,0,14,0,0,0,0,0,,
197,HR,Haryana,HR_Jhajjar,Jhajjar,97,7,90,0,0,0,0,0,,
198,HR,Haryana,HR_Jind,Jind,27,8,18,1,0,0,0,0,,
199,HR,Haryana,HR_Kaithal,Kaithal,10,6,4,0,4,4,0,0,,
200,HR,Haryana,HR_Karnal,Karnal,42,25,16,1,5,5,0,0,,
201,HR,Haryana,HR_Kurukshetra,Kurukshetra,26,19,7,0,5,1,4,0,,
202,HR,Haryana,HR_Mahendragarh,Mahendragarh,36,30,6,0,0,0,0,0,,
203,HR,Haryana,HR_Nuh,Nuh,66,1,65,0,0,0,0,0,,
204,HR,Haryana,HR_Palwal,Palwal,51,12,39,0,0,0,0,0,,
205,HR,Haryana,HR_Panchkula,Panchkula,25,0,25,0,0,0,0,0,,
206,HR,Haryana,HR_Panipat,Panipat,60,21,36,3,1,-2,3,0,,
207,HR,Haryana,HR_Rewari,Rewari,18,14,4,0,0,0,0,0,,
208,HR,Haryana,HR_Rohtak,Rohtak,24,12,11,1,5,5,0,0,,
209,HR,Haryana,HR_Sirsa,Sirsa,14,5,9,0,3,3,0,0,,
210,HR,Haryana,HR_Sonipat,Sonipat,180,40,139,1,6,-9,15,0,,
211,HR,Haryana,HR_Yamunanagar,Yamunanagar,9,1,8,0,1,1,0,0,,
246,JH,Jharkhand,JH_Bokaro,Bokaro,17,7,9,1,0,0,0,0,,
247,JH,Jharkhand,JH_Chatra,Chatra,1,1,0,0,0,0,0,0,,
248,JH,Jharkhand,JH_Deoghar,Deoghar,5,0,5,0,0,0,0,0,,
249,JH,Jharkhand,JH_Dhanbad,Dhanbad,11,9,2,0,0,0,0,0,,
250,JH,Jharkhand,JH_Dumka,Dumka,2,0,2,0,0,0,0,0,,
264,JH,Jharkhand,JH_East Singhbhum,East Singhbhum,28,28,0,0,0,0,0,0,,
251,JH,Jharkhand,JH_Garhwa,Garhwa,55,52,3,0,0,0,0,0,,
252,JH,Jharkhand,JH_Giridih,Giridih,16,13,3,0,0,0,0,0,,
253,JH,Jharkhand,JH_Godda,Godda,1,0,1,0,0,0,0,0,,
254,JH,Jharkhand,JH_Gumla,Gumla,13,13,0,0,2,2,0,0,,
255,JH,Jharkhand,JH_Hazaribagh,Hazaribagh,53,45,8,0,0,0,0,0,,
256,JH,Jharkhand,JH_Jamtara,Jamtara,2,0,2,0,0,0,0,0,,
257,JH,Jharkhand,JH_Khunti,Khunti,1,1,0,0,0,0,0,0,,
258,JH,Jharkhand,JH_Koderma,Koderma,31,29,1,1,0,0,0,0,,
259,JH,Jharkhand,JH_Latehar,Latehar,10,10,0,0,0,0,0,0,,
260,JH,Jharkhand,JH_Lohardaga,Lohardaga,2,2,0,0,0,0,0,0,,
261,JH,Jharkhand,JH_Pakur,Pakur,4,4,0,0,0,0,0,0,,
262,JH,Jharkhand,JH_Palamu,Palamu,17,2,15,0,0,0,0,0,,
265,JH,Jharkhand,JH_Ramgarh,Ramgarh,11,11,0,0,0,0,0,0,,
266,JH,Jharkhand,JH_Ranchi,Ranchi,130,28,100,2,4,4,0,0,,
267,JH,Jharkhand,JH_Sahibganj,Sahibganj,0,0,0,0,0,0,0,0,,
268,JH,Jharkhand,JH_Saraikela-Kharsawan,Saraikela-Kharsawan,4,4,0,0,0,0,0,0,,
269,JH,Jharkhand,JH_Simdega,Simdega,10,8,2,0,0,0,0,0,,
263,JH,Jharkhand,JH_West Singhbhum,West Singhbhum,15,15,0,0,0,0,0,0,,
224,JK,Jammu and Kashmir,JK_Anantnag,Anantnag,289,164,120,5,7,5,2,0,,
226,JK,Jammu and Kashmir,JK_Bandipora,Bandipora,146,13,132,1,0,0,0,0,,
227,JK,Jammu and Kashmir,JK_Baramulla,Baramulla,169,66,98,5,16,15,0,1,,
225,JK,Jammu and Kashmir,JK_Budgam,Budgam,89,36,51,2,11,11,0,0,,
228,JK,Jammu and Kashmir,JK_Doda,Doda,2,1,1,0,0,-1,1,0,,
229,JK,Jammu and Kashmir,JK_Ganderbal,Ganderbal,31,7,24,0,0,0,0,0,,
230,JK,Jammu and Kashmir,JK_Jammu,Jammu,121,83,36,2,8,8,0,0,,
231,JK,Jammu and Kashmir,JK_Kathua,Kathua,59,43,16,0,3,3,0,0,,
232,JK,Jammu and Kashmir,JK_Kishtwar,Kishtwar,7,6,1,0,0,0,0,0,,
233,JK,Jammu and Kashmir,JK_Kulgam,Kulgam,255,228,23,4,0,-2,2,0,,
234,JK,Jammu and Kashmir,JK_Kupwara,Kupwara,238,168,70,0,45,45,0,0,,
235,JK,Jammu and Kashmir,JK_Mirpur,Mirpur,0,0,0,0,0,0,0,0,,
236,JK,Jammu and Kashmir,JK_Muzaffarabad,Muzaffarabad,0,0,0,0,0,0,0,0,,
237,JK,Jammu and Kashmir,JK_Pulwama,Pulwama,52,40,12,0,3,3,0,0,,
238,JK,Jammu and Kashmir,JK_Punch,Punch,24,24,0,0,1,1,0,0,,
239,JK,Jammu and Kashmir,JK_Rajouri,Rajouri,15,11,4,0,0,0,0,0,,
240,JK,Jammu and Kashmir,JK_Ramban,Ramban,75,72,3,0,0,0,0,0,,
241,JK,Jammu and Kashmir,JK_Reasi,Reasi,13,10,3,0,1,1,0,0,,
242,JK,Jammu and Kashmir,JK_Samba,Samba,32,22,10,0,0,0,0,0,,
243,JK,Jammu and Kashmir,JK_Shopiyan,Shopiyan,149,42,107,0,8,8,0,0,,
244,JK,Jammu and Kashmir,JK_Srinagar,Srinagar,219,86,126,7,11,11,0,0,,
245,JK,Jammu and Kashmir,JK_Udhampur,Udhampur,51,28,22,1,1,1,0,0,,
270,KA,Karnataka,KA_Bagalkote,Bagalkote,78,6,71,1,0,-1,1,0,,
271,KA,Karnataka,KA_Ballari,Ballari,38,23,14,1,0,0,0,0,,
272,KA,Karnataka,KA_Belagavi,Belagavi,145,61,83,1,0,-3,3,0,,
274,KA,Karnataka,KA_Bengaluru Rural,Bengaluru Rural,13,6,6,1,0,0,0,0,,
273,KA,Karnataka,KA_Bengaluru Urban,Bengaluru Urban,293,131,152,10,9,9,0,0,,
275,KA,Karnataka,KA_Bidar,Bidar,121,94,24,3,12,12,0,0,,
276,KA,Karnataka,KA_Chamarajanagara,Chamarajanagara,0,0,0,0,0,0,0,0,,
277,KA,Karnataka,KA_Chikkaballapura,Chikkaballapura,131,110,19,2,0,0,0,0,,
278,KA,Karnataka,KA_Chikkamagaluru,Chikkamagaluru,16,15,1,0,3,3,0,0,,
279,KA,Karnataka,KA_Chitradurga,Chitradurga,37,32,5,0,6,6,0,0,,
280,KA,Karnataka,KA_Dakshina Kannada,Dakshina Kannada,102,68,27,6,24,12,12,0,,
281,KA,Karnataka,KA_Davanagere,Davanagere,140,71,65,4,0,-13,13,0,,
282,KA,Karnataka,KA_Dharwad,Dharwad,43,32,11,0,0,0,0,0,,
283,KA,Karnataka,KA_Gadag,Gadag,35,23,11,1,0,-5,5,0,,
284,KA,Karnataka,KA_Hassan,Hassan,141,141,0,0,13,13,0,0,,
285,KA,Karnataka,KA_Haveri,Haveri,10,7,3,0,4,4,0,0,,
286,KA,Karnataka,KA_Kalaburagi,Kalaburagi,191,109,75,7,5,5,0,0,,
287,KA,Karnataka,KA_Kodagu,Kodagu,3,2,1,0,0,0,0,0,,
288,KA,Karnataka,KA_Kolar,Kolar,19,19,0,0,0,0,0,0,,
289,KA,Karnataka,KA_Koppal,Koppal,4,4,0,0,0,0,0,0,,
290,KA,Karnataka,KA_Mandya,Mandya,255,228,27,0,0,0,0,0,,
291,KA,Karnataka,KA_Mysuru,Mysuru,90,1,89,0,0,-1,1,0,,
0,KA,Karnataka,KA_Other State,Other State,22,1,20,1,0,0,0,0,,
292,KA,Karnataka,KA_Raichur,Raichur,72,72,0,0,1,1,0,0,,
293,KA,Karnataka,KA_Ramanagara,Ramanagara,1,1,0,0,0,0,0,0,,
294,KA,Karnataka,KA_Shivamogga,Shivamogga,36,32,4,0,0,0,0,0,,
295,KA,Karnataka,KA_Tumakuru,Tumakuru,28,21,5,2,0,0,0,0,,
296,KA,Karnataka,KA_Udupi,Udupi,149,145,3,1,29,29,0,0,,
297,KA,Karnataka,KA_Uttara Kannada,Uttara Kannada,77,37,40,0,0,0,0,0,,
298,KA,Karnataka,KA_Vijayapura,Vijayapura,81,23,53,5,2,-7,9,0,,
299,KA,Karnataka,KA_Yadgir,Yadgir,162,152,9,1,7,-2,9,0,,
300,KL,Kerala,KL_Alappuzha,Alappuzha,36,29,7,0,1,1,0,0,,
301,KL,Kerala,KL_Ernakulam,Ernakulam,41,13,27,1,0,0,0,0,,
302,KL,Kerala,KL_Idukki,Idukki,27,3,24,0,1,1,0,0,,
303,KL,Kerala,KL_Kannur,Kannur,205,86,117,2,10,9,1,0,,
304,KL,Kerala,KL_Kasaragod,Kasaragod,260,67,193,0,18,18,0,0,,
305,KL,Kerala,KL_Kollam,Kollam,48,25,23,0,1,1,0,0,,
306,KL,Kerala,KL_Kottayam,Kottayam,43,19,24,0,3,3,0,0,,
307,KL,Kerala,KL_Kozhikode,Kozhikode,59,33,26,0,6,5,1,0,,
308,KL,Kerala,KL_Malappuram,Malappuram,90,53,36,1,8,7,1,0,,
309,KL,Kerala,KL_Palakkad,Palakkad,120,105,15,0,16,16,0,0,,
310,KL,Kerala,KL_Pathanamthitta,Pathanamthitta,39,22,17,0,6,6,0,0,,
311,KL,Kerala,KL_Thiruvananthapuram,Thiruvananthapuram,49,32,16,1,7,7,0,0,,
312,KL,Kerala,KL_Thrissur,Thrissur,45,29,15,1,7,7,0,0,,
313,KL,Kerala,KL_Wayanad,Wayanad,26,10,15,1,0,0,0,0,,
314,LA,Ladakh,LA_Kargil,Kargil,35,26,9,0,17,17,0,0,,
315,LA,Ladakh,LA_Leh,Leh,39,5,34,0,3,3,0,0,,
316,LD,Lakshadweep,LD_Lakshadweep,Lakshadweep,0,0,0,0,0,0,0,0,,
369,MH,Maharashtra,MH_Ahmednagar,Ahmednagar,92,38,48,6,5,4,1,0,,
370,MH,Maharashtra,MH_Akola,Akola,529,251,250,28,42,-13,50,5,,
371,MH,Maharashtra,MH_Amravati,Amravati,197,93,90,14,3,3,0,0,,
372,MH,Maharashtra,MH_Aurangabad,Aurangabad,1370,431,879,60,35,-54,86,3,,
374,MH,Maharashtra,MH_Beed,Beed,41,38,3,0,1,1,0,0,,
373,MH,Maharashtra,MH_Bhandara,Bhandara,20,19,1,0,1,1,0,0,,
375,MH,Maharashtra,MH_Buldhana,Buldhana,55,24,28,3,2,2,0,0,,
376,MH,Maharashtra,MH_Chandrapur,Chandrapur,25,20,5,0,0,0,0,0,,
377,MH,Maharashtra,MH_Dhule,Dhule,129,53,67,9,0,-4,4,0,,
378,MH,Maharashtra,MH_Gadchiroli,Gadchiroli,28,28,0,0,2,2,0,0,,
379,MH,Maharashtra,MH_Gondia,Gondia,51,50,1,0,3,3,0,0,,
380,MH,Maharashtra,MH_Hingoli,Hingoli,143,51,92,0,10,10,0,0,,
381,MH,Maharashtra,MH_Jalgaon,Jalgaon,526,235,239,52,21,-1,21,1,,
382,MH,Maharashtra,MH_Jalna,Jalna,87,63,24,0,8,7,1,0,,
383,MH,Maharashtra,MH_Kolhapur,Kolhapur,351,314,36,1,5,-13,18,0,,
384,MH,Maharashtra,MH_Latur,Latur,107,54,50,3,13,5,8,0,,
385,MH,Maharashtra,MH_Mumbai,Mumbai,35485,25700,8650,1135,1467,1187,242,38,,
386,MH,Maharashtra,MH_Mumbai Suburban,Mumbai Suburban,0,0,0,0,0,0,0,0,,
387,MH,Maharashtra,MH_Nagpur,Nagpur,495,150,336,9,11,9,2,0,,
388,MH,Maharashtra,MH_Nanded,Nanded,108,33,69,6,3,2,0,1,,
389,MH,Maharashtra,MH_Nandurbar,Nandurbar,32,9,20,3,0,0,0,0,,
390,MH,Maharashtra,MH_Nashik,Nashik,1043,236,755,52,31,26,5,0,,
391,MH,Maharashtra,MH_Osmanabad,Osmanabad,54,42,12,0,9,6,3,0,,
0,MH,Maharashtra,MH_Other State,Other State,53,40,0,13,0,0,0,0,,
392,MH,Maharashtra,MH_Palghar,Palghar,825,529,273,23,54,48,2,4,,
393,MH,Maharashtra,MH_Parbhani,Parbhani,40,38,1,1,15,15,0,0,,
394,MH,Maharashtra,MH_Pune,Pune,6896,3353,3242,301,282,116,156,10,,
395,MH,Maharashtra,MH_Raigad,Raigad,944,430,488,26,48,47,0,1,,
396,MH,Maharashtra,MH_Ratnagiri,Ratnagiri,204,123,76,5,12,5,7,0,,
397,MH,Maharashtra,MH_Sangli,Sangli,101,54,46,1,7,7,0,0,,
398,MH,Maharashtra,MH_Satara,Satara,429,285,128,16,34,25,0,9,,
399,MH,Maharashtra,MH_Sindhudurg,Sindhudurg,19,12,7,0,0,0,0,0,,
400,MH,Maharashtra,MH_Solapur,Solapur,711,349,303,59,32,9,16,7,,
401,MH,Maharashtra,MH_Thane,Thane,8220,5765,2300,155,439,357,76,6,,
402,MH,Maharashtra,MH_Wardha,Wardha,11,10,0,1,1,1,0,0,,
403,MH,Maharashtra,MH_Washim,Washim,8,3,5,0,0,0,0,0,,
404,MH,Maharashtra,MH_Yavatmal,Yavatmal,116,24,92,0,1,1,0,0,,
421,ML,Meghalaya,ML_East Garo Hills,East Garo Hills,0,0,0,0,0,0,0,0,,
422,ML,Meghalaya,ML_East Jaintia Hills,East Jaintia Hills,0,0,0,0,0,0,0,0,,
423,ML,Meghalaya,ML_East Khasi Hills,East Khasi Hills,13,0,12,1,0,0,0,0,,
424,ML,Meghalaya,ML_North Garo Hills,North Garo Hills,1,1,0,0,0,0,0,0,,
425,ML,Meghalaya,ML_Ribhoi,Ribhoi,0,0,0,0,0,0,0,0,,
426,ML,Meghalaya,ML_South Garo Hills,South Garo Hills,0,0,0,0,0,0,0,0,,
427,ML,Meghalaya,ML_South West Garo Hills,South West Garo Hills,0,0,0,0,0,0,0,0,,
428,ML,Meghalaya,ML_South West Khasi Hills,South West Khasi Hills,0,0,0,0,0,0,0,0,,
429,ML,Meghalaya,ML_West Garo Hills,West Garo Hills,2,2,0,0,1,1,0,0,,
430,ML,Meghalaya,ML_West Jaintia Hills,West Jaintia Hills,0,0,0,0,0,0,0,0,,
431,ML,Meghalaya,ML_West Khasi Hills,West Khasi Hills,0,0,0,0,0,0,0,0,,
405,MN,Manipur,MN_Bishnupur,Bishnupur,0,0,0,0,0,0,0,0,,
406,MN,Manipur,MN_Chandel,Chandel,0,0,0,0,0,0,0,0,,
407,MN,Manipur,MN_Churachandpur,Churachandpur,17,17,0,0,0,0,0,0,,
408,MN,Manipur,MN_Imphal East,Imphal East,3,2,1,0,0,0,0,0,,
409,MN,Manipur,MN_Imphal West,Imphal West,10,9,1,0,0,0,0,0,,
410,MN,Manipur,MN_Jiribam,Jiribam,0,0,0,0,0,0,0,0,,
411,MN,Manipur,MN_Kakching,Kakching,0,0,0,0,0,0,0,0,,
412,MN,Manipur,MN_Kamjong,Kamjong,0,0,0,0,0,0,0,0,,
413,MN,Manipur,MN_Kangpokpi,Kangpokpi,0,0,0,0,0,0,0,0,,
414,MN,Manipur,MN_Noney,Noney,1,1,0,0,0,0,0,0,,
415,MN,Manipur,MN_Pherzawl,Pherzawl,0,0,0,0,0,0,0,0,,
416,MN,Manipur,MN_Senapati,Senapati,0,0,0,0,0,0,0,0,,
417,MN,Manipur,MN_Tamenglong,Tamenglong,0,0,0,0,0,0,0,0,,
418,MN,Manipur,MN_Tengnoupal,Tengnoupal,0,0,0,0,0,0,0,0,,
419,MN,Manipur,MN_Thoubal,Thoubal,0,0,0,0,0,0,0,0,,
420,MN,Manipur,MN_Ukhrul,Ukhrul,0,0,0,0,0,0,0,0,,
317,MP,Madhya Pradesh,MP_Agar Malwa,Agar Malwa,13,0,12,1,0,0,0,0,,
318,MP,Madhya Pradesh,MP_Alirajpur,Alirajpur,3,0,3,0,0,0,0,0,,
319,MP,Madhya Pradesh,MP_Anuppur,Anuppur,3,0,3,0,0,0,0,0,,
320,MP,Madhya Pradesh,MP_Ashoknagar,Ashoknagar,12,9,2,1,0,0,0,0,,
321,MP,Madhya Pradesh,MP_Balaghat,Balaghat,7,7,0,0,0,0,0,0,,
322,MP,Madhya Pradesh,MP_Barwani,Barwani,42,9,32,1,1,1,0,0,,
323,MP,Madhya Pradesh,MP_Betul,Betul,21,20,1,0,0,0,0,0,,
324,MP,Madhya Pradesh,MP_Bhind,Bhind,53,41,12,0,2,0,2,0,,
325,MP,Madhya Pradesh,MP_Bhopal,Bhopal,1373,443,879,51,17,-9,26,0,,
326,MP,Madhya Pradesh,MP_Burhanpur,Burhanpur,293,97,182,14,0,0,0,0,,
327,MP,Madhya Pradesh,MP_Chhatarpur,Chhatarpur,9,9,0,0,0,0,0,0,,
328,MP,Madhya Pradesh,MP_Chhindwara,Chhindwara,6,1,4,1,0,0,0,0,,
329,MP,Madhya Pradesh,MP_Damoh,Damoh,16,15,1,0,0,0,0,0,,
330,MP,Madhya Pradesh,MP_Datia,Datia,8,4,3,1,0,0,0,0,,
331,MP,Madhya Pradesh,MP_Dewas,Dewas,91,29,53,9,0,0,0,0,,
332,MP,Madhya Pradesh,MP_Dhar,Dhar,120,12,105,3,6,6,0,0,,
333,MP,Madhya Pradesh,MP_Dindori,Dindori,16,14,2,0,0,0,0,0,,
335,MP,Madhya Pradesh,MP_Guna,Guna,2,1,1,0,0,0,0,0,,
336,MP,Madhya Pradesh,MP_Gwalior,Gwalior,120,70,48,2,1,0,1,0,,
337,MP,Madhya Pradesh,MP_Harda,Harda,3,0,3,0,0,0,0,0,,
338,MP,Madhya Pradesh,MP_Hoshangabad,Hoshangabad,37,0,34,3,0,0,0,0,,
339,MP,Madhya Pradesh,MP_Indore,Indore,3260,1583,1555,122,78,57,18,3,,
340,MP,Madhya Pradesh,MP_Jabalpur,Jabalpur,221,46,166,9,5,-1,6,0,,
341,MP,Madhya Pradesh,MP_Jhabua,Jhabua,13,6,6,1,0,0,0,0,,
342,MP,Madhya Pradesh,MP_Katni,Katni,1,1,0,0,1,1,0,0,,
334,MP,Madhya Pradesh,MP_Khandwa,Khandwa,235,29,193,13,2,-1,2,1,,
368,MP,Madhya Pradesh,MP_Khargone,Khargone,125,18,98,9,3,3,0,0,,
343,MP,Madhya Pradesh,MP_Mandla,Mandla,3,1,1,1,0,0,0,0,,
344,MP,Madhya Pradesh,MP_Mandsaur,Mandsaur,90,15,67,8,0,-4,4,0,,
345,MP,Madhya Pradesh,MP_Morena,Morena,88,32,56,0,0,-15,15,0,,
346,MP,Madhya Pradesh,MP_Narsinghpur,Narsinghpur,8,8,0,0,0,0,0,0,,
347,MP,Madhya Pradesh,MP_Neemuch,Neemuch,149,98,47,4,34,33,0,1,,
348,MP,Madhya Pradesh,MP_Niwari,Niwari,0,0,0,0,0,0,0,0,,
0,MP,Madhya Pradesh,MP_Other Region,Other Region,0,0,0,0,0,0,0,0,,
349,MP,Madhya Pradesh,MP_Panna,Panna,4,3,1,0,0,0,0,0,,
350,MP,Madhya Pradesh,MP_Raisen,Raisen,68,1,64,3,0,0,0,0,,
351,MP,Madhya Pradesh,MP_Rajgarh,Rajgarh,7,7,0,0,0,0,0,0,,
352,MP,Madhya Pradesh,MP_Ratlam,Ratlam,32,2,29,1,1,-2,2,1,,
353,MP,Madhya Pradesh,MP_Rewa,Rewa,33,23,10,0,1,-7,8,0,,
354,MP,Madhya Pradesh,MP_Sagar,Sagar,112,72,36,4,6,-4,9,1,,
355,MP,Madhya Pradesh,MP_Satna,Satna,21,13,6,2,1,-1,1,1,,
356,MP,Madhya Pradesh,MP_Sehore,Sehore,5,0,4,1,0,0,0,0,,
357,MP,Madhya Pradesh,MP_Seoni,Seoni,2,1,1,0,0,0,0,0,,
358,MP,Madhya Pradesh,MP_Shahdol,Shahdol,7,4,3,0,0,0,0,0,,
359,MP,Madhya Pradesh,MP_Shajapur,Shajapur,9,1,7,1,0,0,0,0,,
360,MP,Madhya Pradesh,MP_Sheopur,Sheopur,7,3,4,0,1,1,0,0,,
361,MP,Madhya Pradesh,MP_Shivpuri,Shivpuri,8,5,3,0,0,0,0,0,,
362,MP,Madhya Pradesh,MP_Sidhi,Sidhi,12,8,4,0,3,3,0,0,,
363,MP,Madhya Pradesh,MP_Singrauli,Singrauli,11,11,0,0,0,0,0,0,,
364,MP,Madhya Pradesh,MP_Tikamgarh,Tikamgarh,9,5,4,0,3,3,0,0,,
365,MP,Madhya Pradesh,MP_Ujjain,Ujjain,639,295,290,54,25,-4,29,0,,
366,MP,Madhya Pradesh,MP_Umaria,Umaria,5,4,0,1,0,0,0,0,,
367,MP,Madhya Pradesh,MP_Vidisha,Vidisha,20,5,15,0,0,0,0,0,,
432,MZ,Mizoram,MZ_Aizawl,Aizawl,1,0,1,0,0,0,0,0,,
433,MZ,Mizoram,MZ_Champhai,Champhai,0,0,0,0,0,0,0,0,,
729,MZ,Mizoram,MZ_Hnahthial,Hnahthial,0,0,0,0,0,0,0,0,,
730,MZ,Mizoram,MZ_Khawzawl,Khawzawl,0,0,0,0,0,0,0,0,,
434,MZ,Mizoram,MZ_Kolasib,Kolasib,0,0,0,0,0,0,0,0,,
435,MZ,Mizoram,MZ_Lawngtlai,Lawngtlai,0,0,0,0,0,0,0,0,,
436,MZ,Mizoram,MZ_Lunglei,Lunglei,0,0,0,0,0,0,0,0,,
437,MZ,Mizoram,MZ_Mamit,Mamit,0,0,0,0,0,0,0,0,,
438,MZ,Mizoram,MZ_Saiha,Saiha,0,0,0,0,0,0,0,0,,
728,MZ,Mizoram,MZ_Saitual,Saitual,0,0,0,0,0,0,0,0,,
439,MZ,Mizoram,MZ_Serchhip,Serchhip,0,0,0,0,0,0,0,0,,
440,NL,Nagaland,NL_Dimapur,Dimapur,12,12,0,0,6,6,0,0,,
441,NL,Nagaland,NL_Kiphire,Kiphire,0,0,0,0,0,0,0,0,,
442,NL,Nagaland,NL_Kohima,Kohima,5,5,0,0,2,2,0,0,,
443,NL,Nagaland,NL_Longleng,Longleng,0,0,0,0,0,0,0,0,,
444,NL,Nagaland,NL_Mokokchung,Mokokchung,0,0,0,0,0,0,0,0,,
445,NL,Nagaland,NL_Mon,Mon,0,0,0,0,0,0,0,0,,
446,NL,Nagaland,NL_Peren,Peren,0,0,0,0,0,0,0,0,,
447,NL,Nagaland,NL_Phek,Phek,0,0,0,0,0,0,0,0,,
448,NL,Nagaland,NL_Tuensang,Tuensang,1,1,0,0,1,1,0,0,,
449,NL,Nagaland,NL_Wokha,Wokha,0,0,0,0,0,0,0,0,,
450,NL,Nagaland,NL_Zunheboto,Zunheboto,0,0,0,0,0,0,0,0,,
451,OR,Odisha,OR_Angul,Angul,25,10,15,0,0,0,0,0,,
452,OR,Odisha,OR_Balangir,Balangir,56,50,6,0,2,0,2,0,,
453,OR,Odisha,OR_Balasore,Balasore,139,20,119,0,0,0,0,0,,
454,OR,Odisha,OR_Bargarh,Bargarh,2,2,0,0,1,1,0,0,,
456,OR,Odisha,OR_Bhadrak,Bhadrak,106,32,74,0,0,0,0,0,,
455,OR,Odisha,OR_Boudh,Boudh,33,28,5,0,0,-1,1,0,,
457,OR,Odisha,OR_Cuttack,Cuttack,86,62,23,1,0,-9,9,0,,
458,OR,Odisha,OR_Deogarh,Deogarh,24,22,2,0,0,0,0,0,,
459,OR,Odisha,OR_Dhenkanal,Dhenkanal,7,6,1,0,0,0,0,0,,
460,OR,Odisha,OR_Gajapati,Gajapati,10,10,0,0,0,0,0,0,,
461,OR,Odisha,OR_Ganjam,Ganjam,394,89,302,3,26,7,19,0,,
462,OR,Odisha,OR_Jagatsinghpur,Jagatsinghpur,49,44,5,0,2,2,0,0,,
463,OR,Odisha,OR_Jajpur,Jajpur,253,102,151,0,11,-14,25,0,,
464,OR,Odisha,OR_Jharsuguda,Jharsuguda,6,4,2,0,0,0,0,0,,
465,OR,Odisha,OR_Kalahandi,Kalahandi,15,13,2,0,0,0,0,0,,
466,OR,Odisha,OR_Kandhamal,Kandhamal,13,11,2,0,0,-2,2,0,,
467,OR,Odisha,OR_Kendrapara,Kendrapara,61,31,30,0,0,-3,3,0,,
468,OR,Odisha,OR_Kendujhar,Kendujhar,21,13,8,0,1,0,1,0,,
469,OR,Odisha,OR_Khordha,Khordha,110,49,58,3,11,10,1,0,,
470,OR,Odisha,OR_Koraput,Koraput,7,6,1,0,0,0,0,0,,
471,OR,Odisha,OR_Malkangiri,Malkangiri,19,19,0,0,0,0,0,0,,
472,OR,Odisha,OR_Mayurbhanj,Mayurbhanj,16,5,11,0,0,0,0,0,,
473,OR,Odisha,OR_Nabarangapur,Nabarangapur,1,1,0,0,0,0,0,0,,
474,OR,Odisha,OR_Nayagarh,Nayagarh,57,48,9,0,7,4,3,0,,
475,OR,Odisha,OR_Nuapada,Nuapada,14,14,0,0,0,0,0,0,,
476,OR,Odisha,OR_Puri,Puri,85,52,33,0,0,-8,8,0,,
477,OR,Odisha,OR_Rayagada,Rayagada,0,0,0,0,0,0,0,0,,
478,OR,Odisha,OR_Sambalpur,Sambalpur,7,6,1,0,2,1,1,0,,
479,OR,Odisha,OR_Subarnapur,Subarnapur,5,5,0,0,4,4,0,0,,
480,OR,Odisha,OR_Sundargarh,Sundargarh,39,12,27,0,0,0,0,0,,
485,PB,Punjab,PB_Amritsar,Amritsar,354,42,306,6,7,-2,9,0,,
486,PB,Punjab,PB_Barnala,Barnala,23,2,20,1,0,0,0,0,,
487,PB,Punjab,PB_Bathinda,Bathinda,42,1,41,0,0,0,0,0,,
488,PB,Punjab,PB_Faridkot,Faridkot,62,1,61,0,0,0,0,0,,
489,PB,Punjab,PB_Fatehgarh Sahib,Fatehgarh Sahib,57,0,57,0,0,0,0,0,,
490,PB,Punjab,PB_Fazilka,Fazilka,44,0,44,0,0,0,0,0,,
491,PB,Punjab,PB_Ferozepur,Ferozepur,44,0,43,1,0,0,0,0,,
492,PB,Punjab,PB_Gurdaspur,Gurdaspur,133,5,125,3,0,-3,3,0,,
493,PB,Punjab,PB_Hoshiarpur,Hoshiarpur,114,21,88,5,4,4,0,0,,
494,PB,Punjab,PB_Jalandhar,Jalandhar,233,18,209,6,3,-10,13,0,,
495,PB,Punjab,PB_Kapurthala,Kapurthala,36,3,30,3,0,0,0,0,,
496,PB,Punjab,PB_Ludhiana,Ludhiana,176,34,135,7,0,0,0,0,,
497,PB,Punjab,PB_Mansa,Mansa,32,0,32,0,0,0,0,0,,
498,PB,Punjab,PB_Moga,Moga,59,0,59,0,0,0,0,0,,
499,PB,Punjab,PB_Pathankot,Pathankot,47,18,28,1,0,0,0,0,,
500,PB,Punjab,PB_Patiala,Patiala,115,12,101,2,0,0,0,0,,
501,PB,Punjab,PB_Rupnagar,Rupnagar,61,1,59,1,1,1,0,0,,
502,PB,Punjab,PB_S.A.S. Nagar,S.A.S. Nagar,104,2,99,3,1,1,0,0,,
503,PB,Punjab,PB_Sangrur,Sangrur,94,3,91,0,3,0,3,0,,
504,PB,Punjab,PB_Shahid Bhagat Singh Nagar,Shahid Bhagat Singh Nagar,106,4,101,1,0,0,0,0,,
505,PB,Punjab,PB_Sri Muktsar Sahib,Sri Muktsar Sahib,66,1,65,0,0,0,0,0,,
506,PB,Punjab,PB_Tarn Taran,Tarn Taran,156,4,152,0,0,0,0,0,,
481,PY,Puducherry,PY_Karaikal,Karaikal,2,0,2,0,0,0,0,0,,
482,PY,Puducherry,PY_Mahe,Mahe,4,2,2,0,0,0,0,0,,
483,PY,Puducherry,PY_Puducherry,Puducherry,47,34,13,0,6,6,0,0,,
484,PY,Puducherry,PY_Yanam,Yanam,0,0,0,0,0,0,0,0,,
507,RJ,Rajasthan,RJ_Ajmer,Ajmer,316,56,253,7,6,-1,6,1,,
508,RJ,Rajasthan,RJ_Alwar,Alwar,51,4,45,2,0,-13,13,0,,
509,RJ,Rajasthan,RJ_Banswara,Banswara,85,9,74,2,0,-3,2,1,,
510,RJ,Rajasthan,RJ_Baran,Baran,8,4,4,0,0,0,0,0,,
511,RJ,Rajasthan,RJ_Barmer,Barmer,92,62,30,0,0,-24,24,0,,
512,RJ,Rajasthan,RJ_Bharatpur,Bharatpur,165,38,123,4,12,12,0,0,,
513,RJ,Rajasthan,RJ_Bhilwara,Bhilwara,135,60,73,2,1,1,0,0,,
514,RJ,Rajasthan,RJ_Bikaner,Bikaner,101,48,50,3,7,7,0,0,,
0,RJ,Rajasthan,RJ_BSF Camp,BSF Camp,50,8,42,0,0,0,0,0,,
515,RJ,Rajasthan,RJ_Bundi,Bundi,2,2,0,0,1,1,0,0,,
516,RJ,Rajasthan,RJ_Chittorgarh,Chittorgarh,175,21,150,4,0,-4,4,0,,
517,RJ,Rajasthan,RJ_Churu,Churu,90,36,53,1,5,2,3,0,,
518,RJ,Rajasthan,RJ_Dausa,Dausa,50,14,35,1,4,3,0,1,,
519,RJ,Rajasthan,RJ_Dholpur,Dholpur,45,18,27,0,0,-1,1,0,,
520,RJ,Rajasthan,RJ_Dungarpur,Dungarpur,333,324,9,0,1,1,0,0,,
0,RJ,Rajasthan,RJ_Evacuees,Evacuees,61,0,61,0,0,0,0,0,,
521,RJ,Rajasthan,RJ_Ganganagar,Ganganagar,5,5,0,0,0,0,0,0,,
522,RJ,Rajasthan,RJ_Hanumangarh,Hanumangarh,24,10,14,0,3,3,0,0,,
0,RJ,Rajasthan,RJ_Italians,Italians,2,0,2,0,0,0,0,0,,
523,RJ,Rajasthan,RJ_Jaipur,Jaipur,1909,374,1450,85,7,-67,73,1,,
524,RJ,Rajasthan,RJ_Jaisalmer,Jaisalmer,68,24,44,0,0,0,0,0,,
525,RJ,Rajasthan,RJ_Jalore,Jalore,155,100,53,2,1,-32,33,0,,
526,RJ,Rajasthan,RJ_Jhalawar,Jhalawar,204,155,49,0,69,68,1,0,,
527,RJ,Rajasthan,RJ_Jhunjhunu,Jhunjhunu,109,35,74,0,7,-10,17,0,,
528,RJ,Rajasthan,RJ_Jodhpur,Jodhpur,1375,336,1022,17,64,64,0,0,,
529,RJ,Rajasthan,RJ_Karauli,Karauli,12,5,4,3,0,-1,0,1,,
530,RJ,Rajasthan,RJ_Kota,Kota,423,84,323,16,9,-1,10,0,,
531,RJ,Rajasthan,RJ_Nagaur,Nagaur,425,249,168,8,9,6,2,1,,
0,RJ,Rajasthan,RJ_Other State,Other State,14,6,0,8,1,0,0,1,,
532,RJ,Rajasthan,RJ_Pali,Pali,413,268,139,6,32,-10,42,0,,
533,RJ,Rajasthan,RJ_Pratapgarh,Pratapgarh,13,9,3,1,0,0,0,0,,
534,RJ,Rajasthan,RJ_Rajsamand,Rajsamand,135,94,40,1,0,0,0,0,,
535,RJ,Rajasthan,RJ_Sawai Madhopur,Sawai Madhopur,20,6,13,1,1,1,0,0,,
536,RJ,Rajasthan,RJ_Sikar,Sikar,174,118,52,4,10,7,3,0,,
537,RJ,Rajasthan,RJ_Sirohi,Sirohi,142,124,18,0,1,-11,12,0,,
538,RJ,Rajasthan,RJ_Tonk,Tonk,163,6,156,1,0,0,0,0,,
539,RJ,Rajasthan,RJ_Udaipur,Udaipur,523,360,162,1,0,-7,7,0,,
540,SK,Sikkim,SK_East Sikkim,East Sikkim,0,0,0,0,0,0,0,0,,
541,SK,Sikkim,SK_North Sikkim,North Sikkim,0,0,0,0,0,0,0,0,,
542,SK,Sikkim,SK_South Sikkim,South Sikkim,1,1,0,0,0,0,0,0,,
543,SK,Sikkim,SK_West Sikkim,West Sikkim,0,0,0,0,0,0,0,0,,
0,TG,Telangana,TG_Foreign Evacuees,Foreign Evacuees,28,28,0,0,0,0,0,0,Category added in Telangana State Bulletin,
0,TG,Telangana,TG_Other State,Other State,155,155,0,0,0,0,0,0,,
576,TG,Telangana,TG_Adilabad,Adilabad,21,6,15,0,0,0,0,0,,
577,TG,Telangana,TG_Bhadradri Kothagudem,Bhadradri Kothagudem,4,0,4,0,0,0,0,0,,
578,TG,Telangana,TG_Hyderabad,Hyderabad,1216,888,305,23,0,0,0,0,,
579,TG,Telangana,TG_Jagtial,Jagtial,4,2,2,0,0,0,0,0,,
580,TG,Telangana,TG_Jangaon,Jangaon,3,2,1,0,0,0,0,0,,
581,TG,Telangana,TG_Jayashankar Bhupalapally,Jayashankar Bhupalapally,3,3,0,0,0,0,0,0,,
582,TG,Telangana,TG_Jogulamba Gadwal,Jogulamba Gadwal,45,19,25,1,0,0,0,0,,
583,TG,Telangana,TG_Kamareddy,Kamareddy,12,4,8,0,0,0,0,0,,
584,TG,Telangana,TG_Karimnagar,Karimnagar,19,3,16,0,0,0,0,0,,
585,TG,Telangana,TG_Khammam,Khammam,8,5,3,0,0,0,0,0,,
586,TG,Telangana,TG_Komaram Bheem,Komaram Bheem,7,5,2,0,0,0,0,0,,
587,TG,Telangana,TG_Mahabubabad,Mahabubabad,1,0,1,0,0,0,0,0,,
588,TG,Telangana,TG_Mahabubnagar,Mahabubnagar,11,3,8,0,0,0,0,0,,
589,TG,Telangana,TG_Mancherial,Mancherial,1,0,0,1,0,0,0,0,,
590,TG,Telangana,TG_Medak,Medak,5,1,4,0,0,0,0,0,,
591,TG,Telangana,TG_Medchal Malkajgiri,Medchal Malkajgiri,31,21,9,1,0,0,0,0,,
592,TG,Telangana,TG_Mulugu,Mulugu,2,0,2,0,0,0,0,0,,
593,TG,Telangana,TG_Nagarkurnool,Nagarkurnool,2,0,2,0,0,0,0,0,,
594,TG,Telangana,TG_Nalgonda,Nalgonda,18,6,12,0,0,0,0,0,,
595,TG,Telangana,TG_Narayanpet,Narayanpet,2,1,0,1,0,0,0,0,,
596,TG,Telangana,TG_Nirmal,Nirmal,20,7,13,0,0,0,0,0,,
597,TG,Telangana,TG_Nizamabad,Nizamabad,61,31,30,0,0,0,0,0,,
598,TG,Telangana,TG_Peddapalli,Peddapalli,2,1,1,0,0,0,0,0,,
599,TG,Telangana,TG_Rajanna Sircilla,Rajanna Sircilla,3,1,2,0,0,0,0,0,,
600,TG,Telangana,TG_Ranga Reddy,Ranga Reddy,56,37,17,2,0,0,0,0,,
601,TG,Telangana,TG_Sangareddy,Sangareddy,9,3,6,0,0,0,0,0,,
602,TG,Telangana,TG_Siddipet,Siddipet,1,0,1,0,0,0,0,0,,
603,TG,Telangana,TG_Suryapet,Suryapet,84,60,24,0,0,0,0,0,,
604,TG,Telangana,TG_Vikarabad,Vikarabad,38,22,15,1,0,0,0,0,,
605,TG,Telangana,TG_Wanaparthy,Wanaparthy,0,0,0,0,0,0,0,0,,
606,TG,Telangana,TG_Warangal Rural,Warangal Rural,0,0,0,0,0,0,0,0,,
607,TG,Telangana,TG_Warangal Urban,Warangal Urban,27,4,23,0,0,0,0,0,,
608,TG,Telangana,TG_Yadadri Bhuvanagiri,Yadadri Bhuvanagiri,0,0,0,0,0,0,0,0,,
0,TN,Tamil Nadu,TN_Railway Quarantine,Railway Quarantine,70,68,2,0,16,15,1,0,,
0,TN,Tamil Nadu,TN_Airport Quarantine,Airport Quarantine,90,82,8,0,4,0,4,0,,
0,TN,Tamil Nadu,TN_Other State,Other State,3,0,0,3,0,0,0,0,,
544,TN,Tamil Nadu,TN_Ariyalur,Ariyalur,362,7,355,0,0,0,0,0,,
732,TN,Tamil Nadu,TN_Chengalpattu,Chengalpattu,928,517,403,8,45,37,8,0,,
545,TN,Tamil Nadu,TN_Chennai,Chennai,12757,6344,6304,109,559,44,504,11,,
546,TN,Tamil Nadu,TN_Coimbatore,Coimbatore,145,0,144,1,0,0,0,0,,
547,TN,Tamil Nadu,TN_Cuddalore,Cuddalore,442,25,416,1,4,4,0,0,,
548,TN,Tamil Nadu,TN_Dharmapuri,Dharmapuri,8,3,5,0,0,0,0,0,,
549,TN,Tamil Nadu,TN_Dindigul,Dindigul,138,25,112,1,4,4,0,0,,
550,TN,Tamil Nadu,TN_Erode,Erode,71,1,69,1,0,0,0,0,,
734,TN,Tamil Nadu,TN_Kallakurichi,Kallakurichi,231,132,99,0,3,-3,6,0,,
551,TN,Tamil Nadu,TN_Kancheepuram,Kancheepuram,346,141,204,1,20,16,4,0,,
552,TN,Tamil Nadu,TN_Kanyakumari,Kanyakumari,59,31,27,1,0,0,0,0,,
553,TN,Tamil Nadu,TN_Karur,Karur,80,7,73,0,0,-6,6,0,,
554,TN,Tamil Nadu,TN_Krishnagiri,Krishnagiri,26,6,20,0,1,1,0,0,,
555,TN,Tamil Nadu,TN_Madurai,Madurai,250,95,153,2,8,-5,13,0,,
556,TN,Tamil Nadu,TN_Nagapattinam,Nagapattinam,54,3,51,0,2,2,0,0,,
557,TN,Tamil Nadu,TN_Namakkal,Namakkal,77,0,77,0,0,0,0,0,,
564,TN,Tamil Nadu,TN_Nilgiris,Nilgiris,14,0,14,0,0,-1,1,0,,
558,TN,Tamil Nadu,TN_Perambalur,Perambalur,139,0,139,0,0,-4,4,0,,
559,TN,Tamil Nadu,TN_Pudukkottai,Pudukkottai,23,16,7,0,1,1,0,0,,
560,TN,Tamil Nadu,TN_Ramanathapuram,Ramanathapuram,65,28,36,1,0,-6,6,0,,
733,TN,Tamil Nadu,TN_Ranipet,Ranipet,98,18,80,0,1,-3,4,0,,
561,TN,Tamil Nadu,TN_Salem,Salem,107,67,40,0,39,34,5,0,,
562,TN,Tamil Nadu,TN_Sivaganga,Sivaganga,30,3,27,0,0,-1,1,0,,
731,TN,Tamil Nadu,TN_Tenkasi,Tenkasi,85,29,56,0,0,-2,2,0,,
563,TN,Tamil Nadu,TN_Thanjavur,Thanjavur,86,15,71,0,1,-1,2,0,,
565,TN,Tamil Nadu,TN_Theni,Theni,108,29,77,2,0,-2,2,0,,
566,TN,Tamil Nadu,TN_Thiruvallur,Thiruvallur,871,348,514,9,38,-6,44,0,,
567,TN,Tamil Nadu,TN_Thiruvarur,Thiruvarur,43,10,33,0,0,0,0,0,,
568,TN,Tamil Nadu,TN_Thoothukkudi,Thoothukkudi,197,109,86,2,4,-4,8,0,,
569,TN,Tamil Nadu,TN_Tiruchirappalli,Tiruchirappalli,79,10,69,0,0,-1,1,0,,
570,TN,Tamil Nadu,TN_Tirunelveli,Tirunelveli,331,175,155,1,29,20,9,0,,
735,TN,Tamil Nadu,TN_Tirupathur,Tirupathur,32,4,28,0,0,0,0,0,,
571,TN,Tamil Nadu,TN_Tiruppur,Tiruppur,114,0,114,0,0,0,0,0,,
572,TN,Tamil Nadu,TN_Tiruvannamalai,Tiruvannamalai,303,209,92,2,40,38,1,1,,
573,TN,Tamil Nadu,TN_Vellore,Vellore,44,10,33,1,2,2,0,0,,
574,TN,Tamil Nadu,TN_Viluppuram,Viluppuram,335,28,305,2,3,3,0,0,,
575,TN,Tamil Nadu,TN_Virudhunagar,Virudhunagar,131,81,50,0,3,0,3,0,,
609,TR,Tripura,TR_Dhalai,Dhalai,165,3,162,0,0,-2,2,0,,
610,TR,Tripura,TR_Gomati,Gomati,28,27,1,0,0,0,0,0,,
611,TR,Tripura,TR_Khowai,Khowai,13,12,1,0,0,0,0,0,,
612,TR,Tripura,TR_North Tripura,North Tripura,8,5,3,0,0,0,0,0,,
613,TR,Tripura,TR_Sipahijala,Sipahijala,5,5,0,0,0,0,0,0,,
614,TR,Tripura,TR_South Tripura,South Tripura,4,4,0,0,0,0,0,0,,
615,TR,Tripura,TR_Unokoti,Unokoti,1,1,0,0,0,0,0,0,,
616,TR,Tripura,TR_West Tripura,West Tripura,8,8,0,0,0,0,0,0,,
617,UP,Uttar Pradesh,UP_Agra,Agra,874,95,739,40,1,-6,0,7,,
618,UP,Uttar Pradesh,UP_Aligarh,Aligarh,130,50,65,15,1,-5,6,0,,
619,UP,Uttar Pradesh,UP_Ambedkar Nagar,Ambedkar Nagar,51,39,10,2,0,-5,5,0,,
620,UP,Uttar Pradesh,UP_Amethi,Amethi,89,71,18,0,1,-5,6,0,,
621,UP,Uttar Pradesh,UP_Amroha,Amroha,59,27,31,1,0,0,0,0,,
622,UP,Uttar Pradesh,UP_Auraiya,Auraiya,29,11,18,0,2,-1,3,0,,
765,UP,Uttar Pradesh,UP_Ayodhya,Ayodhya,94,89,2,3,1,1,0,0,,
623,UP,Uttar Pradesh,UP_Azamgarh,Azamgarh,69,57,10,2,13,13,0,0,,
624,UP,Uttar Pradesh,UP_Baghpat,Baghpat,30,5,24,1,0,-1,0,1,,
625,UP,Uttar Pradesh,UP_Bahraich,Bahraich,78,25,53,0,2,-16,18,0,,
626,UP,Uttar Pradesh,UP_Ballia,Ballia,36,36,0,0,4,4,0,0,,
627,UP,Uttar Pradesh,UP_Balrampur,Balrampur,37,24,13,0,1,0,1,0,,
628,UP,Uttar Pradesh,UP_Banda,Banda,23,2,21,0,0,0,0,0,,
629,UP,Uttar Pradesh,UP_Barabanki,Barabanki,144,67,76,1,0,-54,54,0,,
630,UP,Uttar Pradesh,UP_Bareilly,Bareilly,52,40,10,2,0,0,0,0,,
631,UP,Uttar Pradesh,UP_Basti,Basti,155,110,41,4,7,8,-2,1,,
632,UP,Uttar Pradesh,UP_Bhadohi,Bhadohi,37,30,7,0,7,3,4,0,,
633,UP,Uttar Pradesh,UP_Bijnor,Bijnor,85,36,47,2,2,0,2,0,,
634,UP,Uttar Pradesh,UP_Budaun,Budaun,38,21,17,0,2,2,0,0,,
635,UP,Uttar Pradesh,UP_Bulandshahr,Bulandshahr,111,28,81,2,3,3,0,0,,
636,UP,Uttar Pradesh,UP_Chandauli,Chandauli,21,17,4,0,0,0,0,0,,
637,UP,Uttar Pradesh,UP_Chitrakoot,Chitrakoot,33,16,15,2,4,4,0,0,,
638,UP,Uttar Pradesh,UP_Deoria,Deoria,71,55,16,0,3,0,3,0,,
639,UP,Uttar Pradesh,UP_Etah,Etah,23,11,9,3,0,0,0,0,,
640,UP,Uttar Pradesh,UP_Etawah,Etawah,49,45,3,1,2,2,0,0,,
642,UP,Uttar Pradesh,UP_Farrukhabad,Farrukhabad,28,20,8,0,1,1,0,0,,
643,UP,Uttar Pradesh,UP_Fatehpur,Fatehpur,46,32,14,0,2,-3,5,0,,
644,UP,Uttar Pradesh,UP_Firozabad,Firozabad,238,33,195,10,8,4,3,1,,
645,UP,Uttar Pradesh,UP_Gautam Buddha Nagar,Gautam Buddha Nagar,373,115,253,5,8,1,7,0,,
646,UP,Uttar Pradesh,UP_Ghaziabad,Ghaziabad,266,65,197,4,14,12,1,1,,
647,UP,Uttar Pradesh,UP_Ghazipur,Ghazipur,98,67,31,0,5,4,1,0,,
648,UP,Uttar Pradesh,UP_Gonda,Gonda,60,27,33,0,5,3,2,0,,
649,UP,Uttar Pradesh,UP_Gorakhpur,Gorakhpur,71,51,15,5,9,5,4,0,,
650,UP,Uttar Pradesh,UP_Hamirpur,Hamirpur,6,2,4,0,0,-2,2,0,,
651,UP,Uttar Pradesh,UP_Hapur,Hapur,138,71,66,1,0,0,0,0,,
652,UP,Uttar Pradesh,UP_Hardoi,Hardoi,43,37,6,0,2,2,0,0,,
653,UP,Uttar Pradesh,UP_Hathras,Hathras,22,2,20,0,0,0,0,0,,
654,UP,Uttar Pradesh,UP_Jalaun,Jalaun,43,2,39,2,0,0,0,0,,
655,UP,Uttar Pradesh,UP_Jaunpur,Jaunpur,156,129,24,3,1,0,0,1,,
656,UP,Uttar Pradesh,UP_Jhansi,Jhansi,37,7,26,4,5,5,0,0,,
657,UP,Uttar Pradesh,UP_Kannauj,Kannauj,42,19,23,0,0,-1,1,0,,
658,UP,Uttar Pradesh,UP_Kanpur Dehat,Kanpur Dehat,19,14,4,1,4,3,1,0,,
659,UP,Uttar Pradesh,UP_Kanpur Nagar,Kanpur Nagar,339,26,302,11,2,2,0,0,,
660,UP,Uttar Pradesh,UP_Kasganj,Kasganj,15,2,13,0,0,-6,6,0,,
661,UP,Uttar Pradesh,UP_Kaushambi,Kaushambi,47,28,19,0,0,-9,9,0,,
663,UP,Uttar Pradesh,UP_Kushinagar,Kushinagar,10,3,5,2,0,-3,2,1,,
662,UP,Uttar Pradesh,UP_Lakhimpur Kheri,Lakhimpur Kheri,64,31,33,0,2,-1,3,0,,
664,UP,Uttar Pradesh,UP_Lalitpur,Lalitpur,2,1,0,1,0,0,0,0,,
665,UP,Uttar Pradesh,UP_Lucknow,Lucknow,349,57,290,2,6,-5,11,0,,
667,UP,Uttar Pradesh,UP_Maharajganj,Maharajganj,46,29,16,1,0,-2,2,0,,
666,UP,Uttar Pradesh,UP_Mahoba,Mahoba,11,7,3,1,1,1,0,0,,
668,UP,Uttar Pradesh,UP_Mainpuri,Mainpuri,33,17,14,2,6,3,3,0,,
669,UP,Uttar Pradesh,UP_Mathura,Mathura,75,26,44,5,3,2,0,1,,
670,UP,Uttar Pradesh,UP_Mau,Mau,22,21,1,0,3,3,0,0,,
671,UP,Uttar Pradesh,UP_Meerut,Meerut,403,93,286,24,1,-1,1,1,,
672,UP,Uttar Pradesh,UP_Mirzapur,Mirzapur,32,16,16,0,0,-4,4,0,,
673,UP,Uttar Pradesh,UP_Moradabad,Moradabad,201,38,152,11,1,-3,4,0,,
674,UP,Uttar Pradesh,UP_Muzaffarnagar,Muzaffarnagar,61,35,25,1,0,0,0,0,,
675,UP,Uttar Pradesh,UP_Pilibhit,Pilibhit,44,30,14,0,0,0,0,0,,
676,UP,Uttar Pradesh,UP_Pratapgarh,Pratapgarh,75,36,36,3,2,1,1,0,,
677,UP,Uttar Pradesh,UP_Prayagraj,Prayagraj,87,40,44,3,3,0,3,0,,
678,UP,Uttar Pradesh,UP_Rae Bareli,Rae Bareli,72,21,50,1,3,3,0,0,,
679,UP,Uttar Pradesh,UP_Rampur,Rampur,172,118,54,0,0,-8,8,0,,
680,UP,Uttar Pradesh,UP_Saharanpur,Saharanpur,240,33,207,0,6,2,4,0,,
681,UP,Uttar Pradesh,UP_Sambhal,Sambhal,84,33,51,0,6,-2,8,0,,
682,UP,Uttar Pradesh,UP_Sant Kabir Nagar,Sant Kabir Nagar,78,41,31,6,9,9,0,0,,
683,UP,Uttar Pradesh,UP_Shahjahanpur,Shahjahanpur,19,17,2,0,0,0,0,0,,
684,UP,Uttar Pradesh,UP_Shamli,Shamli,43,13,30,0,0,0,0,0,,
685,UP,Uttar Pradesh,UP_Shrawasti,Shrawasti,29,15,13,1,0,-1,1,0,,
686,UP,Uttar Pradesh,UP_Siddharthnagar,Siddharthnagar,97,65,31,1,2,-3,5,0,,
687,UP,Uttar Pradesh,UP_Sitapur,Sitapur,40,7,33,0,0,-9,9,0,,
688,UP,Uttar Pradesh,UP_Sonbhadra,Sonbhadra,7,6,1,0,1,0,1,0,,
689,UP,Uttar Pradesh,UP_Sultanpur,Sultanpur,68,50,18,0,0,-8,8,0,,
690,UP,Uttar Pradesh,UP_Unnao,Unnao,30,23,6,1,1,1,0,0,,
691,UP,Uttar Pradesh,UP_Varanasi,Varanasi,171,80,87,4,1,-3,4,0,,
692,UT,Uttarakhand,UT_Almora,Almora,24,21,3,0,3,3,0,0,,
693,UT,Uttarakhand,UT_Bageshwar,Bageshwar,8,8,0,0,0,0,0,0,,
694,UT,Uttarakhand,UT_Chamoli,Chamoli,11,11,0,0,0,0,0,0,,
695,UT,Uttarakhand,UT_Champawat,Champawat,8,8,0,0,0,0,0,0,,
696,UT,Uttarakhand,UT_Dehradun,Dehradun,92,53,35,4,9,9,0,0,,
697,UT,Uttarakhand,UT_Haridwar,Haridwar,43,36,7,0,8,8,0,0,,
698,UT,Uttarakhand,UT_Nainital,Nainital,139,117,22,0,1,1,0,0,,
699,UT,Uttarakhand,UT_Pauri Garhwal,Pauri Garhwal,23,22,1,0,0,0,0,0,,
700,UT,Uttarakhand,UT_Pithoragarh,Pithoragarh,20,20,0,0,0,0,0,0,,
701,UT,Uttarakhand,UT_Rudraprayag,Rudraprayag,3,3,0,0,0,0,0,0,,
702,UT,Uttarakhand,UT_Tehri Garhwal,Tehri Garhwal,62,62,0,0,10,10,0,0,,
703,UT,Uttarakhand,UT_Udham Singh Nagar,Udham Singh Nagar,57,47,10,0,0,0,0,0,,
704,UT,Uttarakhand,UT_Uttarkashi,Uttarkashi,10,9,1,0,0,0,0,0,,
705,WB,West Bengal,WB_Alipurduar,Alipurduar,0,0,0,0,0,0,0,0,,
706,WB,West Bengal,WB_Bankura,Bankura,19,17,2,0,4,2,2,0,,
707,WB,West Bengal,WB_Birbhum,Birbhum,60,49,11,0,27,27,0,0,,
708,WB,West Bengal,WB_Cooch Behar,Cooch Behar,0,0,0,0,0,0,0,0,,
709,WB,West Bengal,WB_Dakshin Dinajpur,Dakshin Dinajpur,6,1,5,0,0,-5,5,0,,
710,WB,West Bengal,WB_Darjeeling,Darjeeling,15,8,6,1,1,1,0,0,,
711,WB,West Bengal,WB_Hooghly,Hooghly,242,112,121,9,3,1,0,2,,
712,WB,West Bengal,WB_Howrah,Howrah,911,564,309,38,55,35,20,0,,
713,WB,West Bengal,WB_Jalpaiguri,Jalpaiguri,8,4,4,0,1,1,0,0,,
714,WB,West Bengal,WB_Jhargram,Jhargram,6,3,3,0,0,0,0,0,,
715,WB,West Bengal,WB_Kalimpong,Kalimpong,7,0,6,1,0,0,0,0,,
716,WB,West Bengal,WB_Kolkata,Kolkata,1895,914,787,194,87,57,27,3,,
717,WB,West Bengal,WB_Malda,Malda,124,86,38,0,9,-10,19,0,,
719,WB,West Bengal,WB_Murshidabad,Murshidabad,76,66,8,2,7,7,0,0,,
720,WB,West Bengal,WB_Nadia,Nadia,51,42,9,0,15,15,0,0,,
721,WB,West Bengal,WB_North 24 Parganas,North 24 Parganas,589,343,206,40,49,42,6,1,,
0,WB,West Bengal,WB_Other State,Other State,47,35,10,2,2,2,0,0,,
722,WB,West Bengal,WB_Paschim Bardhaman,Paschim Bardhaman,42,30,10,2,1,1,0,0,,
718,WB,West Bengal,WB_Paschim Medinipur,Paschim Medinipur,28,8,20,0,1,0,1,0,,
723,WB,West Bengal,WB_Purba Bardhaman,Purba Bardhaman,57,48,9,0,16,14,2,0,,
724,WB,West Bengal,WB_Purba Medinipur,Purba Medinipur,76,39,36,1,8,5,3,0,,
725,WB,West Bengal,WB_Purulia,Purulia,1,1,0,0,0,0,0,0,,
726,WB,West Bengal,WB_South 24 Parganas,South 24 Parganas,166,103,58,5,10,8,2,0,,
727,WB,West Bengal,WB_Uttar Dinajpur,Uttar Dinajpur,93,83,10,0,46,43,3,0,,
728,AN,Andaman and Nicobar Islands,AN_Unknown,Unknown,0,0,0,0,0,0,0,0,,
729,AP,Andhra Pradesh,AP_Unknown,Unknown,0,-8,8,0,0,0,0,0,,
730,AR,Arunachal Pradesh,AR_Unknown,Unknown,1,1,0,0,0,0,0,0,,
731,AS,Assam,AS_Unknown,Unknown,4,-21,25,0,0,0,0,0,,
732,BR,Bihar,BR_Unknown,Unknown,0,0,0,0,0,0,0,0,,
733,CH,Chandigarh,CH_Unknown,Unknown,0,0,0,0,0,0,0,0,,
734,CT,Chhattisgarh,CT_Unknown,Unknown,0,0,0,0,0,0,0,0,,
735,DN,Dadra and Nagar Haveli and Daman and Diu,DN_Unknown,Unknown,0,0,0,0,0,0,0,0,,
737,DL,Delhi,DL_Unknown,Unknown,15493,7683,7495,315,0,0,0,0,,
738,GA,Goa,GA_Unknown,Unknown,45,14,31,0,0,0,0,0,,
739,GJ,Gujarat,GJ_Unknown,Unknown,0,0,0,0,0,0,0,0,,
740,HR,Haryana,HR_Unknown,Unknown,0,0,0,0,0,0,0,0,,
741,HP,Himachal Pradesh,HP_Unknown,Unknown,0,0,0,0,0,0,0,0,,
742,JK,Jammu and Kashmir,JK_Unknown,Unknown,0,0,0,0,0,0,0,0,,
743,JH,Jharkhand,JH_Unknown,Unknown,31,-7,38,0,0,0,0,0,,
744,KA,Karnataka,KA_Unknown,Unknown,0,0,0,0,0,0,0,0,,
745,KL,Kerala,KL_Unknown,Unknown,0,-1,0,1,0,0,0,0,,
746,LA,Ladakh,LA_Unknown,Unknown,0,0,0,0,0,0,0,0,,
747,LD,Lakshadweep,LD_Unknown,Unknown,0,0,0,0,0,0,0,0,,
748,MP,Madhya Pradesh,MP_Unknown,Unknown,1,1,0,0,0,0,0,0,,
749,MH,Maharashtra,MH_Unknown,Unknown,1,1,0,0,0,0,0,0,,
750,MN,Manipur,MN_Unknown,Unknown,24,22,2,0,0,0,0,0,,
751,ML,Meghalaya,ML_Unknown,Unknown,5,5,0,0,0,0,0,0,,
752,MZ,Mizoram,MZ_Unknown,Unknown,0,0,0,0,0,0,0,0,,
753,NL,Nagaland,NL_Unknown,Unknown,0,0,0,0,0,0,0,0,,
754,OR,Odisha,OR_Unknown,Unknown,0,0,0,0,0,0,0,0,,
755,PY,Puducherry,PY_Unknown,Unknown,0,0,0,0,0,0,0,0,,
756,PB,Punjab,PB_Unknown,Unknown,0,0,0,0,0,0,0,0,,
757,RJ,Rajasthan,RJ_Unknown,Unknown,0,0,0,0,0,0,0,0,,
758,SK,Sikkim,SK_Unknown,Unknown,0,0,0,0,0,0,0,0,,
759,TN,Tamil Nadu,TN_Unknown,Unknown,0,0,0,0,0,0,0,0,,
760,TG,Telangana,TG_Unknown,Unknown,357,-474,794,37,0,0,0,0,,
761,TR,Tripura,TR_Unknown,Unknown,12,12,0,0,0,0,0,0,,
762,UP,Uttar Pradesh,UP_Unknown,Unknown,0,0,0,0,0,0,0,0,,
763,UT,Uttarakhand,UT_Unknown,Unknown,0,0,0,0,0,0,0,0,,
764,WB,West Bengal,WB_Unknown,Unknown,17,17,0,0,0,0,0,0,,