SlNo,State_Code,State,District_Key,District,Confirmed,Active,Recovered,Deceased,Delta_Confirmed,Delta_Active,Delta_Recovered,Delta_Deceased,District_Notes
0,AS,Assam,AS_Other State,Other State,1,0,1,0,0,0,0,0,Case tranferred from Nagaland
0,HR,Haryana,HR_Italians,Italians,14,0,14,0,0,0,0,0,Italian tourists who were treated in Haryana
0,MH,Maharashtra,MH_Other States,Other States,30,25,0,5,0,0,0,0,Cases from other States/UTs
0,MP,Madhya Pradesh,MP_Other Region,Other Region,2,2,0,0,0,0,0,0,Cases from other states
0,RJ,Rajasthan,RJ_Evacuees,Evacuees,61,0,61,0,0,0,0,0,Evacuees from other countries; They have been counted separatly by the state
0,RJ,Rajasthan,RJ_Italians,Italians,2,0,2,0,0,0,0,0,Italian tourists who were tested positive in Rajasthan
0,RJ,Rajasthan,RJ_Other state,Other state,2,0,0,2,0,0,0,0,
1,AN,Andaman and Nicobar Islands,AN_Nicobars,Nicobars,0,0,0,0,0,0,0,0,
2,AN,Andaman and Nicobar Islands,AN_North and Middle Andaman,North and Middle Andaman,1,0,1,0,0,0,0,0,
3,AN,Andaman and Nicobar Islands,AN_South Andaman,South Andaman,32,1,31,0,0,0,0,0,
4,AP,Andhra Pradesh,AP_Anantapur,Anantapur,80,42,34,4,0,-10,10,0,
5,AP,Andhra Pradesh,AP_Chittoor,Chittoor,82,14,68,0,0,-20,20,0,
6,AP,Andhra Pradesh,AP_East Godavari,East Godavari,46,20,26,0,1,-3,4,0,
7,AP,Andhra Pradesh,AP_Guntur,Guntur,363,226,129,8,12,11,1,0,
8,AP,Andhra Pradesh,AP_Krishna,Krishna,300,173,117,10,14,-48,61,1,
9,AP,Andhra Pradesh,AP_Kurnool,Kurnool,533,369,153,11,17,-23,39,1,
10,AP,Andhra Pradesh,AP_Prakasam,Prakasam,61,9,52,0,0,-2,2,0,
11,AP,Andhra Pradesh,AP_S.P.S. Nellore,S.P.S. Nellore,92,33,56,3,0,0,0,0,
12,AP,Andhra Pradesh,AP_Srikakulam,Srikakulam,5,5,0,0,0,0,0,0,
13,AP,Andhra Pradesh,AP_Visakhapatnam,Visakhapatnam,39,18,21,0,2,2,0,0,
14,AP,Andhra Pradesh,AP_Vizianagaram,Vizianagaram,0,0,0,0,0,0,0,0,
15,AP,Andhra Pradesh,AP_West Godavari,West Godavari,59,26,33,0,0,-2,2,0,
16,AP,Andhra Pradesh,AP_Y.S.R. Kadapa,Y.S.R. Kadapa,90,50,40,0,1,0,1,0,
0,AP,Andhra Pradesh,AP_Other State,Other State,27,27,0,0,13,13,0,0,
17,AR,Arunachal Pradesh,AR_Anjaw,Anjaw,0,0,0,0,0,0,0,0,
18,AR,Arunachal Pradesh,AR_Changlang,Changlang,0,0,0,0,0,0,0,0,
19,AR,Arunachal Pradesh,AR_East Kameng,East Kameng,0,0,0,0,0,0,0,0,
20,AR,Arunachal Pradesh,AR_East Siang,East Siang,0,0,0,0,0,0,0,0,
21,AR,Arunachal Pradesh,AR_Kamle,Kamle,0,0,0,0,0,0,0,0,
22,AR,Arunachal Pradesh,AR_Kra Daadi,Kra Daadi,0,0,0,0,0,0,0,0,
23,AR,Arunachal Pradesh,AR_Kurung Kumey,Kurung Kumey,0,0,0,0,0,0,0,0,
24,AR,Arunachal Pradesh,AR_Lepa Rada,Lepa Rada,0,0,0,0,0,0,0,0,
25,AR,Arunachal Pradesh,AR_Lohit,Lohit,1,0,1,0,0,0,0,0,
26,AR,Arunachal Pradesh,AR_Longding,Longding,0,0,0,0,0,0,0,0,
27,AR,Arunachal Pradesh,AR_Lower Dibang Valley,Lower Dibang Valley,0,0,0,0,0,0,0,0,
28,AR,Arunachal Pradesh,AR_Lower Siang,Lower Siang,0,0,0,0,0,0,0,0,
29,AR,Arunachal Pradesh,AR_Lower Subansiri,Lower Subansiri,0,0,0,0,0,0,0,0,
30,AR,Arunachal Pradesh,AR_Namsai,Namsai,0,0,0,0,0,0,0,0,
31,AR,Arunachal Pradesh,AR_Pakke Kessang,Pakke Kessang,0,0,0,0,0,0,0,0,
32,AR,Arunachal Pradesh,AR_Papum Pare,Papum Pare,0,0,0,0,0,0,0,0,
33,AR,Arunachal Pradesh,AR_Shi Yomi,Shi Yomi,0,0,0,0,0,0,0,0,
34,AR,Arunachal Pradesh,AR_Siang,Siang,0,0,0,0,0,0,0,0,
35,AR,Arunachal Pradesh,AR_Tawang,Tawang,0,0,0,0,0,0,0,0,
36,AR,Arunachal Pradesh,AR_Tirap,Tirap,0,0,0,0,0,0,0,0,
37,AR,Arunachal Pradesh,AR_Upper Dibang Valley,Upper Dibang Valley,0,0,0,0,0,0,0,0,
38,AR,Arunachal Pradesh,AR_Upper Siang,Upper Siang,0,0,0,0,0,0,0,0,
39,AR,Arunachal Pradesh,AR_Upper Subansiri,Upper Subansiri,0,0,0,0,0,0,0,0,
40,AR,Arunachal Pradesh,AR_West Kameng,West Kameng,0,0,0,0,0,0,0,0,
41,AR,Arunachal Pradesh,AR_West Siang,West Siang,0,0,0,0,0,0,0,0,
42,AS,Assam,AS_Baksa,Baksa,0,0,0,0,0,0,0,0,
43,AS,Assam,AS_Barpeta,Barpeta,0,0,0,0,0,0,0,0,
44,AS,Assam,AS_Biswanath,Biswanath,0,0,0,0,0,0,0,0,
45,AS,Assam,AS_Bongaigaon,Bongaigaon,5,5,0,0,0,0,0,0,
46,AS,Assam,AS_Cachar,Cachar,1,0,1,0,0,0,0,0,
47,AS,Assam,AS_Charaideo,Charaideo,0,0,0,0,0,0,0,0,
48,AS,Assam,AS_Chirang,Chirang,0,0,0,0,0,0,0,0,
49,AS,Assam,AS_Darrang,Darrang,0,0,0,0,0,0,0,0,
50,AS,Assam,AS_Dhemaji,Dhemaji,0,0,0,0,0,0,0,0,
51,AS,Assam,AS_Dhubri,Dhubri,5,1,4,0,0,0,0,0,
52,AS,Assam,AS_Dibrugarh,Dibrugarh,0,0,0,0,0,0,0,0,
53,AS,Assam,AS_Dima Hasao,Dima Hasao,0,0,0,0,0,0,0,0,
54,AS,Assam,AS_Goalpara,Goalpara,6,2,4,0,0,0,0,0,
55,AS,Assam,AS_Golaghat,Golaghat,9,0,9,0,0,0,0,0,
56,AS,Assam,AS_Hailakandi,Hailakandi,1,0,0,1,0,0,0,0,
57,AS,Assam,AS_Hojai,Hojai,0,0,0,0,0,0,0,0,
58,AS,Assam,AS_Jorhat,Jorhat,0,0,0,0,0,0,0,0,
59,AS,Assam,AS_Kamrup,Kamrup,1,0,1,0,0,0,0,0,
60,AS,Assam,AS_Kamrup Metropolitan,Kamrup Metropolitan,1,0,1,0,0,0,0,0,
61,AS,Assam,AS_Karbi Anglong,Karbi Anglong,0,0,0,0,0,0,0,0,
62,AS,Assam,AS_Karimganj,Karimganj,2,2,0,0,0,0,0,0,
63,AS,Assam,AS_Kokrajhar,Kokrajhar,1,1,0,0,0,0,0,0,
64,AS,Assam,AS_Lakhimpur,Lakhimpur,1,0,1,0,0,0,0,0,
65,AS,Assam,AS_Majuli,Majuli,0,0,0,0,0,0,0,0,
66,AS,Assam,AS_Morigaon,Morigaon,6,0,6,0,0,0,0,0,
67,AS,Assam,AS_Nagaon,Nagaon,0,0,0,0,0,0,0,0,
68,AS,Assam,AS_Nalbari,Nalbari,4,0,4,0,0,0,0,0,
69,AS,Assam,AS_Sivasagar,Sivasagar,0,0,0,0,0,0,0,0,
70,AS,Assam,AS_Sonitpur,Sonitpur,0,0,0,0,0,0,0,0,
71,AS,Assam,AS_South Salmara Mankachar,South Salmara Mankachar,1,0,1,0,0,0,0,0,
72,AS,Assam,AS_Tinsukia,Tinsukia,0,0,0,0,0,0,0,0,
73,AS,Assam,AS_Udalguri,Udalguri,0,0,0,0,0,0,0,0,
74,AS,Assam,AS_West Karbi Anglong,West Karbi Anglong,0,0,0,0,0,0,0,0,
75,BR,Bihar,BR_Araria,Araria,2,2,0,0,0,0,0,0,
76,BR,Bihar,BR_Arwal,Arwal,5,5,0,0,0,0,0,0,
77,BR,Bihar,BR_Aurangabad,Aurangabad,13,13,0,0,0,0,0,0,
78,BR,Bihar,BR_Banka,Banka,3,3,0,0,0,0,0,0,
79,BR,Bihar,BR_Begusarai,Begusarai,13,8,5,0,0,0,0,0,
80,BR,Bihar,BR_Bhagalpur,Bhagalpur,11,9,2,0,0,0,0,0,
81,BR,Bihar,BR_Bhojpur,Bhojpur,18,17,1,0,0,0,0,0,
82,BR,Bihar,BR_Buxar,Buxar,56,38,18,0,0,0,0,0,
83,BR,Bihar,BR_Darbhanga,Darbhanga,5,5,0,0,0,0,0,0,
84,BR,Bihar,BR_Gaya,Gaya,6,1,5,0,0,0,0,0,
85,BR,Bihar,BR_Gopalganj,Gopalganj,18,15,3,0,0,0,0,0,
86,BR,Bihar,BR_Jamui,Jamui,0,0,0,0,0,0,0,0,
87,BR,Bihar,BR_Jehanabad,Jehanabad,4,4,0,0,0,0,0,0,
88,BR,Bihar,BR_Kaimur,Kaimur,31,31,0,0,0,0,0,0,
89,BR,Bihar,BR_Katihar,Katihar,10,10,0,0,0,0,0,0,
90,BR,Bihar,BR_Khagaria,Khagaria,0,0,0,0,0,0,0,0,
91,BR,Bihar,BR_Kishanganj,Kishanganj,0,0,0,0,0,0,0,0,
92,BR,Bihar,BR_Lakhisarai,Lakhisarai,4,3,1,0,0,0,0,0,
93,BR,Bihar,BR_Madhepura,Madhepura,2,1,1,0,0,0,0,0,
94,BR,Bihar,BR_Madhubani,Madhubani,23,23,0,0,0,0,0,0,
95,BR,Bihar,BR_Munger,Munger,102,71,30,1,0,0,0,0,
96,BR,Bihar,BR_Muzaffarpur,Muzaffarpur,0,0,0,0,0,0,0,0,
97,BR,Bihar,BR_Nalanda,Nalanda,36,6,30,0,0,0,0,0,
98,BR,Bihar,BR_Nawada,Nawada,4,1,3,0,0,0,0,0,
99,BR,Bihar,BR_West Champaran,West Champaran,11,11,0,0,0,0,0,0,
100,BR,Bihar,BR_Patna,Patna,44,31,13,0,0,0,0,0,
101,BR,Bihar,BR_East Champaran,East Champaran,9,8,0,1,0,0,0,0,
102,BR,Bihar,BR_Purnia,Purnia,2,2,0,0,1,1,0,0,
103,BR,Bihar,BR_Rohtas,Rohtas,52,35,17,0,0,0,0,0,
104,BR,Bihar,BR_Saharsa,Saharsa,0,0,0,0,0,0,0,0,
105,BR,Bihar,BR_Samastipur,Samastipur,1,1,0,0,0,0,0,0,
106,BR,Bihar,BR_Saran,Saran,8,6,2,0,0,0,0,0,
107,BR,Bihar,BR_Sheikhpura,Sheikhpura,1,1,0,0,0,0,0,0,
108,BR,Bihar,BR_Sheohar,Sheohar,1,1,0,0,0,0,0,0,
109,BR,Bihar,BR_Sitamarhi,Sitamarhi,6,4,1,1,0,0,0,0,
110,BR,Bihar,BR_Siwan,Siwan,32,7,25,0,0,0,0,0,
111,BR,Bihar,BR_Supaul,Supaul,0,0,0,0,0,0,0,0,
112,BR,Bihar,BR_Vaishali,Vaishali,3,1,1,1,0,0,0,0,
113,CH,Chandigarh,CH_Chandigarh,Chandigarh,119,97,21,1,0,0,0,0,
114,CT,Chhattisgarh,CT_Balod,Balod,0,0,0,0,0,0,0,0,
115,CT,Chhattisgarh,CT_Baloda Bazar,Baloda Bazar,0,0,0,0,0,0,0,0,
116,CT,Chhattisgarh,CT_Balrampur,Balrampur,0,0,0,0,0,0,0,0,
117,CT,Chhattisgarh,CT_Bametara,Bametara,0,0,0,0,0,0,0,0,
118,CT,Chhattisgarh,CT_Bastar,Bastar,0,0,0,0,0,0,0,0,
119,CT,Chhattisgarh,CT_Bijapur,Bijapur,0,0,0,0,0,0,0,0,
120,CT,Chhattisgarh,CT_Bilaspur,Bilaspur,1,0,1,0,0,0,0,0,
121,CT,Chhattisgarh,CT_Dakshin Bastar Dantewada,Dakshin Bastar Dantewada,0,0,0,0,0,0,0,0,
122,CT,Chhattisgarh,CT_Dhamtari,Dhamtari,0,0,0,0,0,0,0,0,
123,CT,Chhattisgarh,CT_Durg,Durg,10,9,1,0,0,0,0,0,
124,CT,Chhattisgarh,CT_Gariaband,Gariaband,0,0,0,0,0,0,0,0,
125,CT,Chhattisgarh,CT_Janjgir Champa,Janjgir Champa,0,0,0,0,0,0,0,0,
126,CT,Chhattisgarh,CT_Jashpur,Jashpur,0,0,0,0,0,0,0,0,
127,CT,Chhattisgarh,CT_Kabeerdham,Kabeerdham,6,6,0,0,0,0,0,0,
128,CT,Chhattisgarh,CT_Kondagaon,Kondagaon,0,0,0,0,0,0,0,0,
129,CT,Chhattisgarh,CT_Korba,Korba,28,0,28,0,0,0,0,0,
130,CT,Chhattisgarh,CT_Koriya,Koriya,0,0,0,0,0,0,0,0,
131,CT,Chhattisgarh,CT_Mahasamund,Mahasamund,0,0,0,0,0,0,0,0,
132,CT,Chhattisgarh,CT_Mungeli,Mungeli,0,0,0,0,0,0,0,0,
133,CT,Chhattisgarh,CT_Narayanpur,Narayanpur,0,0,0,0,0,0,0,0,
134,CT,Chhattisgarh,CT_Raigarh,Raigarh,0,0,0,0,0,0,0,0,
135,CT,Chhattisgarh,CT_Raipur,Raipur,7,2,5,0,0,0,0,0,
136,CT,Chhattisgarh,CT_Rajnandgaon,Rajnandgaon,1,0,1,0,0,0,0,0,
137,CT,Chhattisgarh,CT_Sukma,Sukma,0,0,0,0,0,0,0,0,
138,CT,Chhattisgarh,CT_Surajpur,Surajpur,6,6,0,0,0,0,0,0,
139,CT,Chhattisgarh,CT_Surguja,Surguja,0,0,0,0,0,0,0,0,
140,CT,Chhattisgarh,CT_Uttar Bastar Kanker,Uttar Bastar Kanker,0,0,0,0,0,0,0,0,
141,DN,Dadra and Nagar Haveli and Daman and Diu,DN_Dadra and Nagar Haveli,Dadra and Nagar Haveli,1,1,0,0,0,0,0,0,
142,DN,Dadra and Nagar Haveli and Daman and Diu,DN_Daman,Daman,0,0,0,0,0,0,0,0,
143,DN,Dadra and Nagar Haveli and Daman and Diu,DN_Diu,Diu,0,0,0,0,0,0,0,0,
144,DL,Delhi,DL_Central Delhi,Central Delhi,184,184,0,0,0,0,0,0,
145,DL,Delhi,DL_East Delhi,East Delhi,38,38,0,0,0,0,0,0,
146,DL,Delhi,DL_New Delhi,New Delhi,37,37,0,0,0,0,0,0,
147,DL,Delhi,DL_North Delhi,North Delhi,60,60,0,0,0,0,0,0,
148,DL,Delhi,DL_North East Delhi,North East Delhi,25,25,0,0,0,0,0,0,
149,DL,Delhi,DL_North West Delhi,North West Delhi,32,32,0,0,0,0,0,0,
150,DL,Delhi,DL_Shahdara,Shahdara,48,48,0,0,0,0,0,0,
151,DL,Delhi,DL_South Delhi,South Delhi,70,70,0,0,0,0,0,0,
152,DL,Delhi,DL_South East Delhi,South East Delhi,130,130,0,0,0,0,0,0,
153,DL,Delhi,DL_South West Delhi,South West Delhi,42,42,0,0,0,0,0,0,
154,DL,Delhi,DL_West Delhi,West Delhi,122,122,0,0,0,0,0,0,
155,GA,Goa,GA_North Goa,North Goa,6,0,6,0,0,0,0,0,
156,GA,Goa,GA_South Goa,South Goa,1,0,1,0,0,0,0,0,
157,GJ,Gujarat,GJ_Ahmedabad,Ahmedabad,4425,3448,704,273,0,0,0,0,
158,GJ,Gujarat,GJ_Amreli,Amreli,0,0,0,0,0,0,0,0,
159,GJ,Gujarat,GJ_Anand,Anand,75,32,37,6,0,0,0,0,
160,GJ,Gujarat,GJ_Aravalli,Aravalli,22,6,14,2,0,0,0,0,
161,GJ,Gujarat,GJ_Banaskantha,Banaskantha,49,34,14,1,0,0,0,0,
162,GJ,Gujarat,GJ_Bharuch,Bharuch,27,3,22,2,0,0,0,0,
163,GJ,Gujarat,GJ_Bhavnagar,Bhavnagar,76,50,21,5,0,0,0,0,
164,GJ,Gujarat,GJ_Botad,Botad,41,34,6,1,0,0,0,0,
165,GJ,Gujarat,GJ_Chhota Udaipur,Chhota Udaipur,14,3,11,0,0,0,0,0,
166,GJ,Gujarat,GJ_Devbhumi Dwarka,Devbhumi Dwarka,3,3,0,0,0,0,0,0,
167,GJ,Gujarat,GJ_Dahod,Dahod,13,11,2,0,0,0,0,0,
168,GJ,Gujarat,GJ_Gandhinagar,Gandhinagar,79,61,14,4,0,0,0,0,
169,GJ,Gujarat,GJ_Gir Somnath,Gir Somnath,3,0,3,0,0,0,0,0,
170,GJ,Gujarat,GJ_Jamnagar,Jamnagar,4,3,0,1,0,0,0,0,
171,GJ,Gujarat,GJ_Junagadh,Junagadh,2,2,0,0,0,0,0,0,
172,GJ,Gujarat,GJ_Kutch,Kutch,7,1,5,1,0,0,0,0,
173,GJ,Gujarat,GJ_Kheda,Kheda,16,12,3,1,0,0,0,0,
174,GJ,Gujarat,GJ_Mehsana,Mehsana,42,35,7,0,0,0,0,0,
175,GJ,Gujarat,GJ_Mahisagar,Mahisagar,40,32,7,1,0,0,0,0,
176,GJ,Gujarat,GJ_Morbi,Morbi,1,0,1,0,0,0,0,0,
177,GJ,Gujarat,GJ_Narmada,Narmada,12,0,12,0,0,0,0,0,
178,GJ,Gujarat,GJ_Navsari,Navsari,8,4,4,0,0,0,0,0,
179,GJ,Gujarat,GJ_Panchmahal,Panchmahal,49,40,6,3,0,0,0,0,
180,GJ,Gujarat,GJ_Patan,Patan,24,11,12,1,0,0,0,0,
181,GJ,Gujarat,GJ_Porbandar,Porbandar,3,0,3,0,0,0,0,0,
182,GJ,Gujarat,GJ_Rajkot,Rajkot,62,35,26,1,0,0,0,0,
183,GJ,Gujarat,GJ_Sabarkantha,Sabarkantha,9,5,3,1,0,0,0,0,
184,GJ,Gujarat,GJ_Surat,Surat,723,408,282,33,0,0,0,0,
185,GJ,Gujarat,GJ_Surendranagar,Surendranagar,1,0,1,0,0,0,0,0,
186,GJ,Gujarat,GJ_Tapi,Tapi,2,1,1,0,0,0,0,0,
187,GJ,Gujarat,GJ_Dang,Dang,2,2,0,0,0,0,0,0,
188,GJ,Gujarat,GJ_Vadodara,Vadodara,405,217,158,30,0,0,0,0,
189,GJ,Gujarat,GJ_Valsad,Valsad,6,3,2,1,0,0,0,0,
190,HR,Haryana,HR_Ambala,Ambala,37,24,11,2,0,0,0,0,
191,HR,Haryana,HR_Bhiwani,Bhiwani,3,0,3,0,0,0,0,0,
192,HR,Haryana,HR_Charkhi Dadri,Charkhi Dadri,1,0,1,0,0,0,0,0,
193,HR,Haryana,HR_Faridabad,Faridabad,76,31,43,2,0,0,0,0,
194,HR,Haryana,HR_Fatehabad,Fatehabad,5,4,1,0,0,0,0,0,
195,HR,Haryana,HR_Gurugram,Gurugram,84,37,47,0,0,0,0,0,
196,HR,Haryana,HR_Hisar,Hisar,4,1,3,0,0,0,0,0,
197,HR,Haryana,HR_Jhajjar,Jhajjar,64,64,0,0,0,0,0,0,
198,HR,Haryana,HR_Jind,Jind,10,8,2,0,0,0,0,0,
199,HR,Haryana,HR_Kaithal,Kaithal,2,0,2,0,0,0,0,0,
200,HR,Haryana,HR_Karnal,Karnal,9,3,5,1,0,0,0,0,
201,HR,Haryana,HR_Kurukshetra,Kurukshetra,2,0,2,0,0,0,0,0,
202,HR,Haryana,HR_Mahendragarh,Mahendragarh,0,0,0,0,0,0,0,0,
203,HR,Haryana,HR_Nuh,Nuh,59,6,53,0,0,0,0,0,
204,HR,Haryana,HR_Palwal,Palwal,36,4,32,0,0,0,0,0,
205,HR,Haryana,HR_Panchkula,Panchkula,18,1,17,0,0,0,0,0,
206,HR,Haryana,HR_Panipat,Panipat,28,23,5,0,0,0,0,0,
207,HR,Haryana,HR_Rewari,Rewari,0,0,0,0,0,0,0,0,
208,HR,Haryana,HR_Rohtak,Rohtak,4,1,2,1,0,0,0,0,
209,HR,Haryana,HR_Sirsa,Sirsa,6,2,4,0,0,0,0,0,
210,HR,Haryana,HR_Sonipat,Sonipat,78,72,6,0,0,0,0,0,
211,HR,Haryana,HR_Yamunanagar,Yamunanagar,8,5,3,0,0,0,0,0,
212,HP,Himachal Pradesh,HP_Bilaspur,Bilaspur,0,0,0,0,0,0,0,0,
213,HP,Himachal Pradesh,HP_Chamba,Chamba,6,0,6,0,0,0,0,0,
214,HP,Himachal Pradesh,HP_Hamirpur,Hamirpur,2,0,2,0,0,0,0,0,
215,HP,Himachal Pradesh,HP_Kangra,Kangra,5,0,4,1,0,0,0,0,
216,HP,Himachal Pradesh,HP_Kinnaur,Kinnaur,0,0,0,0,0,0,0,0,
217,HP,Himachal Pradesh,HP_Kullu,Kullu,0,0,0,0,0,0,0,0,
218,HP,Himachal Pradesh,HP_Lahaul and Spiti,Lahaul and Spiti,0,0,0,0,0,0,0,0,
219,HP,Himachal Pradesh,HP_Mandi,Mandi,2,1,0,1,0,0,0,0,
220,HP,Himachal Pradesh,HP_Shimla,Shimla,0,0,0,0,0,0,0,0,
221,HP,Himachal Pradesh,HP_Sirmaur,Sirmaur,2,1,1,0,0,0,0,0,
222,HP,Himachal Pradesh,HP_Solan,Solan,9,3,5,1,0,0,0,0,
223,HP,Himachal Pradesh,HP_Una,Una,16,0,16,0,0,0,0,0,
224,JK,Jammu and Kashmir,JK_Anantnag,Anantnag,110,108,1,1,0,0,0,0,
225,JK,Jammu and Kashmir,JK_Budgam,Budgam,30,18,12,0,0,0,0,0,
226,JK,Jammu and Kashmir,JK_Bandipora,Bandipora,132,69,62,1,0,0,0,0,
227,JK,Jammu and Kashmir,JK_Baramulla,Baramulla,104,59,42,3,0,0,0,0,
228,JK,Jammu and Kashmir,JK_Doda,Doda,0,0,0,0,0,0,0,0,
229,JK,Jammu and Kashmir,JK_Ganderbal,Ganderbal,14,0,14,0,0,0,0,0,
230,JK,Jammu and Kashmir,JK_Jammu,Jammu,27,1,26,0,0,0,0,0,
231,JK,Jammu and Kashmir,JK_Kathua,Kathua,1,1,0,0,0,0,0,0,
232,JK,Jammu and Kashmir,JK_Kishtwar,Kishtwar,1,0,1,0,0,0,0,0,
233,JK,Jammu and Kashmir,JK_Kulgam,Kulgam,11,8,3,0,0,0,0,0,
234,JK,Jammu and Kashmir,JK_Kupwara,Kupwara,66,36,30,0,0,0,0,0,
235,JK,Jammu and Kashmir,JK_Mirpur,Mirpur,0,0,0,0,0,0,0,0,
236,JK,Jammu and Kashmir,JK_Muzaffarabad,Muzaffarabad,0,0,0,0,0,0,0,0,
237,JK,Jammu and Kashmir,JK_Pulwama,Pulwama,9,6,3,0,0,0,0,0,
238,JK,Jammu and Kashmir,JK_Punch,Punch,0,0,0,0,0,0,0,0,
239,JK,Jammu and Kashmir,JK_Rajouri,Rajouri,4,1,3,0,0,0,0,0,
240,JK,Jammu and Kashmir,JK_Ramban,Ramban,1,1,0,0,0,0,0,0,
241,JK,Jammu and Kashmir,JK_Reasi,Reasi,1,1,0,0,0,0,0,0,
242,JK,Jammu and Kashmir,JK_Samba,Samba,7,3,4,0,0,0,0,0,
243,JK,Jammu and Kashmir,JK_Shopiyan,Shopiyan,89,64,25,0,0,0,0,0,
244,JK,Jammu and Kashmir,JK_Srinagar,Srinagar,113,36,75,2,0,0,0,0,
245,JK,Jammu and Kashmir,JK_Udhampur,Udhampur,21,1,19,1,0,0,0,0,
246,JH,Jharkhand,JH_Bokaro,Bokaro,10,3,6,1,0,0,0,0,
247,JH,Jharkhand,JH_Chatra,Chatra,0,0,0,0,0,0,0,0,
248,JH,Jharkhand,JH_Deoghar,Deoghar,4,2,2,0,0,0,0,0,
249,JH,Jharkhand,JH_Dhanbad,Dhanbad,2,0,2,0,0,0,0,0,
250,JH,Jharkhand,JH_Dumka,Dumka,2,2,0,0,0,0,0,0,
251,JH,Jharkhand,JH_Garhwa,Garhwa,3,3,0,0,0,0,0,0,
252,JH,Jharkhand,JH_Giridih,Giridih,1,1,0,0,0,0,0,0,
253,JH,Jharkhand,JH_Godda,Godda,1,1,0,0,0,0,0,0,
254,JH,Jharkhand,JH_Gumla,Gumla,0,0,0,0,0,0,0,0,
255,JH,Jharkhand,JH_Hazaribagh,Hazaribagh,3,0,3,0,0,0,0,0,
256,JH,Jharkhand,JH_Jamtara,Jamtara,2,2,0,0,0,0,0,0,
257,JH,Jharkhand,JH_Khunti,Khunti,0,0,0,0,0,0,0,0,
258,JH,Jharkhand,JH_Koderma,Koderma,1,0,1,0,0,0,0,0,
259,JH,Jharkhand,JH_Latehar,Latehar,0,0,0,0,0,0,0,0,
260,JH,Jharkhand,JH_Lohardaga,Lohardaga,0,0,0,0,0,0,0,0,
261,JH,Jharkhand,JH_Pakur,Pakur,0,0,0,0,0,0,0,0,
262,JH,Jharkhand,JH_Palamu,Palamu,3,3,0,0,0,0,0,0,
263,JH,Jharkhand,JH_West Singhbhum,West Singhbhum,0,0,0,0,0,0,0,0,
264,JH,Jharkhand,JH_East Singhbhum,East Singhbhum,0,0,0,0,0,0,0,0,
265,JH,Jharkhand,JH_Ramgarh,Ramgarh,0,0,0,0,0,0,0,0,
266,JH,Jharkhand,JH_Ranchi,Ranchi,91,71,18,2,0,0,0,0,
267,JH,Jharkhand,JH_Sahibganj,Sahibganj,0,0,0,0,0,0,0,0,
268,JH,Jharkhand,JH_Saraikela-Kharsawan,Saraikela-Kharsawan,0,0,0,0,0,0,0,0,
269,JH,Jharkhand,JH_Simdega,Simdega,2,1,1,0,0,0,0,0,
270,KA,Karnataka,KA_Bagalkote,Bagalkote,48,34,13,1,13,13,0,0,
271,KA,Karnataka,KA_Ballari,Ballari,14,6,8,0,0,0,0,0,
272,KA,Karnataka,KA_Belagavi,Belagavi,71,44,26,1,0,0,0,0,
273,KA,Karnataka,KA_Bengaluru Urban,Bengaluru Urban,155,73,75,6,2,2,0,0,One death on 27th Apr is not included as it's not counted as covid related death by the Karnataka govt.
274,KA,Karnataka,KA_Bengaluru Rural,Bengaluru Rural,6,0,6,0,0,0,0,0,
275,KA,Karnataka,KA_Bidar,Bidar,22,11,10,1,0,0,0,0,
276,KA,Karnataka,KA_Chamarajanagara,Chamarajanagara,0,0,0,0,0,0,0,0,
277,KA,Karnataka,KA_Chikkaballapura,Chikkaballapura,21,7,12,2,0,0,0,0,
278,KA,Karnataka,KA_Chikkamagaluru,Chikkamagaluru,0,0,0,0,0,0,0,0,
279,KA,Karnataka,KA_Chitradurga,Chitradurga,1,0,1,0,0,0,0,0,
280,KA,Karnataka,KA_Dakshina Kannada,Dakshina Kannada,22,13,6,3,3,3,0,0,
281,KA,Karnataka,KA_Davanagere,Davanagere,44,39,2,3,0,0,0,0,
282,KA,Karnataka,KA_Dharwad,Dharwad,11,5,6,0,0,0,0,0,
283,KA,Karnataka,KA_Gadag,Gadag,5,3,1,1,0,0,0,0,
284,KA,Karnataka,KA_Hassan,Hassan,0,0,0,0,0,0,0,0,
285,KA,Karnataka,KA_Haveri,Haveri,2,2,0,0,0,0,0,0,
286,KA,Karnataka,KA_Kalaburagi,Kalaburagi,64,36,22,6,1,1,0,0,
287,KA,Karnataka,KA_Kodagu,Kodagu,1,0,1,0,0,0,0,0,
288,KA,Karnataka,KA_Kolar,Kolar,0,0,0,0,0,0,0,0,
289,KA,Karnataka,KA_Koppal,Koppal,0,0,0,0,0,0,0,0,
290,KA,Karnataka,KA_Mandya,Mandya,28,21,7,0,0,0,0,0,
291,KA,Karnataka,KA_Mysuru,Mysuru,88,8,80,0,0,0,0,0,
292,KA,Karnataka,KA_Raichur,Raichur,0,0,0,0,0,0,0,0,
293,KA,Karnataka,KA_Ramanagara,Ramanagara,0,0,0,0,0,0,0,0,
294,KA,Karnataka,KA_Shivamogga,Shivamogga,0,0,0,0,0,0,0,0,
295,KA,Karnataka,KA_Tumakuru,Tumakuru,7,4,1,2,0,0,0,0,
296,KA,Karnataka,KA_Udupi,Udupi,3,0,3,0,0,0,0,0,
297,KA,Karnataka,KA_Uttara Kannada,Uttara Kannada,12,1,11,0,0,0,0,0,
298,KA,Karnataka,KA_Vijayapura,Vijayapura,47,22,22,3,0,0,0,0,
299,KA,Karnataka,KA_Yadgir,Yadgir,0,0,0,0,0,0,0,0,
0,KA,Karnataka,KA_Other State,Other State,20,2,18,0,0,0,0,0,Includes Cases of other States and International Quarantined Passengers.
300,KL,Kerala,KL_Alappuzha,Alappuzha,5,0,5,0,0,0,0,0,
301,KL,Kerala,KL_Ernakulam,Ernakulam,24,0,23,1,0,0,0,0,
302,KL,Kerala,KL_Idukki,Idukki,23,1,22,0,0,0,0,0,
303,KL,Kerala,KL_Kannur,Kannur,116,18,97,1,0,0,0,0,"Case of Mahe native who expired in Kannur, added in tally."
304,KL,Kerala,KL_Kasaragod,Kasaragod,179,3,176,0,0,0,0,0,
305,KL,Kerala,KL_Kollam,Kollam,20,3,17,0,0,0,0,0,
306,KL,Kerala,KL_Kottayam,Kottayam,21,6,15,0,0,0,0,0,
307,KL,Kerala,KL_Kozhikode,Kozhikode,24,0,24,0,0,0,0,0,
308,KL,Kerala,KL_Malappuram,Malappuram,24,0,23,1,0,0,0,0,
309,KL,Kerala,KL_Palakkad,Palakkad,13,1,12,0,0,0,0,0,
310,KL,Kerala,KL_Pathanamthitta,Pathanamthitta,17,1,16,0,0,0,0,0,
311,KL,Kerala,KL_Thiruvananthapuram,Thiruvananthapuram,17,0,16,1,0,0,0,0,
312,KL,Kerala,KL_Thrissur,Thrissur,13,0,13,0,0,0,0,0,
313,KL,Kerala,KL_Wayanad,Wayanad,7,4,3,0,0,0,0,0,
314,LA,Ladakh,LA_Kargil,Kargil,9,5,4,0,0,0,0,0,
315,LA,Ladakh,LA_Leh,Leh,33,20,13,0,0,0,0,0,
316,LD,Lakshadweep,LD_Lakshadweep,Lakshadweep,0,0,0,0,0,0,0,0,
317,MP,Madhya Pradesh,MP_Agar Malwa,Agar Malwa,12,11,0,1,0,0,0,0,
318,MP,Madhya Pradesh,MP_Alirajpur,Alirajpur,3,0,3,0,0,0,0,0,
319,MP,Madhya Pradesh,MP_Anuppur,Anuppur,3,3,0,0,0,0,0,0,
320,MP,Madhya Pradesh,MP_Ashoknagar,Ashoknagar,1,0,0,1,0,0,0,0,
321,MP,Madhya Pradesh,MP_Balaghat,Balaghat,0,0,0,0,0,0,0,0,
322,MP,Madhya Pradesh,MP_Barwani,Barwani,26,3,23,0,0,0,0,0,
323,MP,Madhya Pradesh,MP_Betul,Betul,1,0,1,0,0,0,0,0,
324,MP,Madhya Pradesh,MP_Bhind,Bhind,0,0,0,0,0,0,0,0,
325,MP,Madhya Pradesh,MP_Bhopal,Bhopal,571,267,288,16,0,0,0,0,
326,MP,Madhya Pradesh,MP_Burhanpur,Burhanpur,34,31,0,3,0,0,0,0,
327,MP,Madhya Pradesh,MP_Chhatarpur,Chhatarpur,0,0,0,0,0,0,0,0,
328,MP,Madhya Pradesh,MP_Chhindwara,Chhindwara,5,2,2,1,0,0,0,0,
329,MP,Madhya Pradesh,MP_Damoh,Damoh,0,0,0,0,0,0,0,0,
330,MP,Madhya Pradesh,MP_Datia,Datia,0,0,0,0,0,0,0,0,
331,MP,Madhya Pradesh,MP_Dewas,Dewas,26,8,11,7,0,0,0,0,MP bulletin dated 28 Apr reduced total cases in Dewas by 1 upon reconcilation with Indore district
332,MP,Madhya Pradesh,MP_Dhar,Dhar,75,62,12,1,0,0,0,0,"State bulletin on 20th Apr reported 5 extra cases in Dhar distrct. This has been reconciled - MP Health Dept Bulletin, 22 Apr"
333,MP,Madhya Pradesh,MP_Dindori,Dindori,1,1,0,0,0,0,0,0,
334,MP,Madhya Pradesh,MP_Khandwa,Khandwa,49,11,32,6,0,0,0,0,
335,MP,Madhya Pradesh,MP_Guna,Guna,0,0,0,0,0,0,0,0,
336,MP,Madhya Pradesh,MP_Gwalior,Gwalior,5,3,2,0,0,0,0,0,
337,MP,Madhya Pradesh,MP_Harda,Harda,3,3,0,0,0,0,0,0,
338,MP,Madhya Pradesh,MP_Hoshangabad,Hoshangabad,36,14,19,3,0,0,0,0,
339,MP,Madhya Pradesh,MP_Indore,Indore,1654,1107,468,79,0,0,0,0,
340,MP,Madhya Pradesh,MP_Jabalpur,Jabalpur,106,91,12,3,0,0,0,0,
341,MP,Madhya Pradesh,MP_Jhabua,Jhabua,0,0,0,0,0,0,0,0,
342,MP,Madhya Pradesh,MP_Katni,Katni,0,0,0,0,0,0,0,0,
343,MP,Madhya Pradesh,MP_Mandla,Mandla,0,0,0,0,0,0,0,0,
344,MP,Madhya Pradesh,MP_Mandsaur,Mandsaur,36,28,5,3,0,0,0,0,
345,MP,Madhya Pradesh,MP_Morena,Morena,17,4,13,0,0,0,0,0,MP Bulletin dated 25/04 reduced one case in Morena as there were repetitions
346,MP,Madhya Pradesh,MP_Narsinghpur,Narsinghpur,0,0,0,0,0,0,0,0,
347,MP,Madhya Pradesh,MP_Neemuch,Neemuch,0,0,0,0,0,0,0,0,
348,MP,Madhya Pradesh,MP_Niwari,Niwari,0,0,0,0,0,0,0,0,
349,MP,Madhya Pradesh,MP_Panna,Panna,1,1,0,0,0,0,0,0,
350,MP,Madhya Pradesh,MP_Raisen,Raisen,63,52,8,3,0,0,0,0,
351,MP,Madhya Pradesh,MP_Rajgarh,Rajgarh,0,0,0,0,0,0,0,0,
352,MP,Madhya Pradesh,MP_Ratlam,Ratlam,16,4,12,0,0,0,0,0,
353,MP,Madhya Pradesh,MP_Rewa,Rewa,2,2,0,0,0,0,0,0,
354,MP,Madhya Pradesh,MP_Sagar,Sagar,5,3,2,0,0,0,0,0,
355,MP,Madhya Pradesh,MP_Satna,Satna,1,0,0,1,0,0,0,0,
356,MP,Madhya Pradesh,MP_Sehore,Sehore,0,0,0,0,0,0,0,0,
357,MP,Madhya Pradesh,MP_Seoni,Seoni,0,0,0,0,0,0,0,0,
358,MP,Madhya Pradesh,MP_Shahdol,Shahdol,3,3,0,0,0,0,0,0,
359,MP,Madhya Pradesh,MP_Shajapur,Shajapur,7,0,6,1,0,0,0,0,
360,MP,Madhya Pradesh,MP_Sheopur,Sheopur,4,0,4,0,0,0,0,0,
361,MP,Madhya Pradesh,MP_Shivpuri,Shivpuri,2,0,2,0,0,0,0,0,
362,MP,Madhya Pradesh,MP_Sidhi,Sidhi,0,0,0,0,0,0,0,0,
363,MP,Madhya Pradesh,MP_Singrauli,Singrauli,0,0,0,0,0,0,0,0,
364,MP,Madhya Pradesh,MP_Tikamgarh,Tikamgarh,3,3,0,0,0,0,0,0,
365,MP,Madhya Pradesh,MP_Ujjain,Ujjain,184,118,26,40,0,0,0,0,
366,MP,Madhya Pradesh,MP_Umaria,Umaria,0,0,0,0,0,0,0,0,
367,MP,Madhya Pradesh,MP_Vidisha,Vidisha,13,0,13,0,0,0,0,0,
368,MP,Madhya Pradesh,MP_Khargone,Khargone,79,36,36,7,0,0,0,0,MP Bulletin dated 25/04 reduced one case in Khargone as there was a repetition
369,MH,Maharashtra,MH_Ahmednagar,Ahmednagar,53,27,24,2,0,0,0,0,
370,MH,Maharashtra,MH_Akola,Akola,63,43,14,6,0,0,0,0,
371,MH,Maharashtra,MH_Amravati,Amravati,61,43,8,10,0,0,0,0,
372,MH,Maharashtra,MH_Aurangabad,Aurangabad,340,307,22,11,0,0,0,0,
373,MH,Maharashtra,MH_Bhandara,Bhandara,1,1,0,0,0,0,0,0,
374,MH,Maharashtra,MH_Beed,Beed,1,0,1,0,0,0,0,0,
375,MH,Maharashtra,MH_Buldhana,Buldhana,24,3,20,1,0,0,0,0,Reconciled as per MH bulleting 24/04
376,MH,Maharashtra,MH_Chandrapur,Chandrapur,4,2,2,0,0,0,0,0,
377,MH,Maharashtra,MH_Dhule,Dhule,32,29,0,3,0,0,0,0,
378,MH,Maharashtra,MH_Gadchiroli,Gadchiroli,0,0,0,0,0,0,0,0,
379,MH,Maharashtra,MH_Gondia,Gondia,1,0,1,0,0,0,0,0,
380,MH,Maharashtra,MH_Hingoli,Hingoli,55,54,1,0,0,0,0,0,
381,MH,Maharashtra,MH_Jalgaon,Jalgaon,58,45,1,12,0,0,0,0,
382,MH,Maharashtra,MH_Jalna,Jalna,8,7,1,0,0,0,0,0,Reconciled as per MH bulleting 24/04
383,MH,Maharashtra,MH_Kolhapur,Kolhapur,15,9,5,1,0,0,0,0,
384,MH,Maharashtra,MH_Latur,Latur,19,10,8,1,0,0,0,0,
385,MH,Maharashtra,MH_Mumbai,Mumbai,9945,7953,1605,387,0,0,0,0,
386,MH,Maharashtra,MH_Mumbai Suburban,Mumbai Suburban,0,0,0,0,0,0,0,0,
387,MH,Maharashtra,MH_Nagpur,Nagpur,181,123,56,2,0,0,0,0,
388,MH,Maharashtra,MH_Nanded,Nanded,31,29,0,2,0,0,0,0,
389,MH,Maharashtra,MH_Nandurbar,Nandurbar,19,18,0,1,0,0,0,0,
390,MH,Maharashtra,MH_Nashik,Nashik,409,391,6,12,0,0,0,0,
391,MH,Maharashtra,MH_Osmanabad,Osmanabad,3,0,3,0,0,0,0,0,
392,MH,Maharashtra,MH_Palghar,Palghar,192,95,92,5,0,0,0,0,
393,MH,Maharashtra,MH_Parbhani,Parbhani,2,0,1,1,0,0,0,0,
394,MH,Maharashtra,MH_Pune,Pune,2062,1415,528,119,0,0,0,0,
395,MH,Maharashtra,MH_Raigad,Raigad,163,122,38,3,0,0,0,0,
396,MH,Maharashtra,MH_Ratnagiri,Ratnagiri,10,4,5,1,0,0,0,0,
397,MH,Maharashtra,MH_Sangli,Sangli,34,8,25,1,0,0,0,0,
398,MH,Maharashtra,MH_Satara,Satara,79,66,11,2,0,0,0,0,
399,MH,Maharashtra,MH_Sindhudurg,Sindhudurg,3,1,1,1,0,0,0,0,
400,MH,Maharashtra,MH_Solapur,Solapur,130,101,22,7,0,0,0,0,
401,MH,Maharashtra,MH_Thane,Thane,1404,1085,298,21,0,0,0,0,
402,MH,Maharashtra,MH_Wardha,Wardha,0,0,0,0,0,0,0,0,
403,MH,Maharashtra,MH_Washim,Washim,1,0,1,0,0,0,0,0,
404,MH,Maharashtra,MH_Yavatmal,Yavatmal,92,73,19,0,0,0,0,0,
405,MN,Manipur,MN_Bishnupur,Bishnupur,0,0,0,0,0,0,0,0,
406,MN,Manipur,MN_Chandel,Chandel,0,0,0,0,0,0,0,0,
407,MN,Manipur,MN_Churachandpur,Churachandpur,0,0,0,0,0,0,0,0,
408,MN,Manipur,MN_Imphal East,Imphal East,1,0,1,0,0,0,0,0,
409,MN,Manipur,MN_Imphal West,Imphal West,1,0,1,0,0,0,0,0,
410,MN,Manipur,MN_Jiribam,Jiribam,0,0,0,0,0,0,0,0,
411,MN,Manipur,MN_Kakching,Kakching,0,0,0,0,0,0,0,0,
412,MN,Manipur,MN_Kamjong,Kamjong,0,0,0,0,0,0,0,0,
413,MN,Manipur,MN_Kangpokpi,Kangpokpi,0,0,0,0,0,0,0,0,
414,MN,Manipur,MN_Noney,Noney,0,0,0,0,0,0,0,0,
415,MN,Manipur,MN_Pherzawl,Pherzawl,0,0,0,0,0,0,0,0,
416,MN,Manipur,MN_Senapati,Senapati,0,0,0,0,0,0,0,0,
417,MN,Manipur,MN_Tamenglong,Tamenglong,0,0,0,0,0,0,0,0,
418,MN,Manipur,MN_Tengnoupal,Tengnoupal,0,0,0,0,0,0,0,0,
419,MN,Manipur,MN_Thoubal,Thoubal,0,0,0,0,0,0,0,0,
420,MN,Manipur,MN_Ukhrul,Ukhrul,0,0,0,0,0,0,0,0,
421,ML,Meghalaya,ML_East Garo Hills,East Garo Hills,0,0,0,0,0,0,0,0,
422,ML,Meghalaya,ML_East Jaintia Hills,East Jaintia Hills,0,0,0,0,0,0,0,0,
423,ML,Meghalaya,ML_East Khasi Hills,East Khasi Hills,12,1,10,1,0,0,0,0,
424,ML,Meghalaya,ML_North Garo Hills,North Garo Hills,0,0,0,0,0,0,0,0,
425,ML,Meghalaya,ML_Ribhoi,Ribhoi,0,0,0,0,0,0,0,0,
426,ML,Meghalaya,ML_South Garo Hills,South Garo Hills,0,0,0,0,0,0,0,0,
427,ML,Meghalaya,ML_South West Garo Hills,South West Garo Hills,0,0,0,0,0,0,0,0,
428,ML,Meghalaya,ML_South West Khasi Hills,South West Khasi Hills,0,0,0,0,0,0,0,0,
429,ML,Meghalaya,ML_West Garo Hills,West Garo Hills,0,0,0,0,0,0,0,0,
430,ML,Meghalaya,ML_West Jaintia Hills,West Jaintia Hills,0,0,0,0,0,0,0,0,
431,ML,Meghalaya,ML_West Khasi Hills,West Khasi Hills,0,0,0,0,0,0,0,0,
432,MZ,Mizoram,MZ_Aizawl,Aizawl,1,0,1,0,0,0,0,0,
433,MZ,Mizoram,MZ_Champhai,Champhai,0,0,0,0,0,0,0,0,
434,MZ,Mizoram,MZ_Kolasib,Kolasib,0,0,0,0,0,0,0,0,
435,MZ,Mizoram,MZ_Lawngtlai,Lawngtlai,0,0,0,0,0,0,0,0,
436,MZ,Mizoram,MZ_Lunglei,Lunglei,0,0,0,0,0,0,0,0,
437,MZ,Mizoram,MZ_Mamit,Mamit,0,0,0,0,0,0,0,0,
438,MZ,Mizoram,MZ_Saiha,Saiha,0,0,0,0,0,0,0,0,
439,MZ,Mizoram,MZ_Serchhip,Serchhip,0,0,0,0,0,0,0,0,
440,NL,Nagaland,NL_Dimapur,Dimapur,0,0,0,0,0,0,0,0,
441,NL,Nagaland,NL_Kiphire,Kiphire,0,0,0,0,0,0,0,0,
442,NL,Nagaland,NL_Kohima,Kohima,0,0,0,0,0,0,0,0,
443,NL,Nagaland,NL_Longleng,Longleng,0,0,0,0,0,0,0,0,
444,NL,Nagaland,NL_Mokokchung,Mokokchung,0,0,0,0,0,0,0,0,
445,NL,Nagaland,NL_Mon,Mon,0,0,0,0,0,0,0,0,
446,NL,Nagaland,NL_Peren,Peren,0,0,0,0,0,0,0,0,
447,NL,Nagaland,NL_Phek,Phek,0,0,0,0,0,0,0,0,
448,NL,Nagaland,NL_Tuensang,Tuensang,0,0,0,0,0,0,0,0,
449,NL,Nagaland,NL_Wokha,Wokha,0,0,0,0,0,0,0,0,
450,NL,Nagaland,NL_Zunheboto,Zunheboto,0,0,0,0,0,0,0,0,
451,OR,Odisha,OR_Angul,Angul,0,0,0,0,0,0,0,0,
452,OR,Odisha,OR_Balangir,Balangir,2,2,0,0,0,0,0,0,
453,OR,Odisha,OR_Balasore,Balasore,25,20,5,0,1,0,1,0,
454,OR,Odisha,OR_Bargarh,Bargarh,0,0,0,0,0,0,0,0,
455,OR,Odisha,OR_Boudh,Boudh,0,0,0,0,0,0,0,0,
456,OR,Odisha,OR_Bhadrak,Bhadrak,21,9,12,0,0,0,0,0,
457,OR,Odisha,OR_Cuttack,Cuttack,2,1,1,0,0,0,0,0,
458,OR,Odisha,OR_Deogarh,Deogarh,1,1,0,0,0,0,0,0,
459,OR,Odisha,OR_Dhenkanal,Dhenkanal,1,0,1,0,0,0,0,0,
460,OR,Odisha,OR_Gajapati,Gajapati,0,0,0,0,0,0,0,0,
461,OR,Odisha,OR_Ganjam,Ganjam,4,4,0,0,0,0,0,0,
462,OR,Odisha,OR_Jagatsinghpur,Jagatsinghpur,0,0,0,0,0,0,0,0,
463,OR,Odisha,OR_Jajpur,Jajpur,55,54,1,0,2,2,0,0,
464,OR,Odisha,OR_Jharsuguda,Jharsuguda,2,2,0,0,0,0,0,0,
465,OR,Odisha,OR_Kalahandi,Kalahandi,2,0,2,0,0,0,0,0,
466,OR,Odisha,OR_Kandhamal,Kandhamal,0,0,0,0,0,0,0,0,
467,OR,Odisha,OR_Kendrapara,Kendrapara,2,0,2,0,0,0,0,0,
468,OR,Odisha,OR_Kendujhar,Kendujhar,2,2,0,0,0,0,0,0,
469,OR,Odisha,OR_Khordha,Khordha,47,14,31,2,0,0,0,0,Khorda (except Bhubaneswar municipal corporation) remains in Orange zone. Bhubaneswar municipal corporation is a red zone.
470,OR,Odisha,OR_Koraput,Koraput,1,1,0,0,0,0,0,0,
471,OR,Odisha,OR_Malkangiri,Malkangiri,0,0,0,0,0,0,0,0,
472,OR,Odisha,OR_Mayurbhanj,Mayurbhanj,0,0,0,0,0,0,0,0,
473,OR,Odisha,OR_Nabarangapur,Nabarangapur,0,0,0,0,0,0,0,0,
474,OR,Odisha,OR_Nayagarh,Nayagarh,0,0,0,0,0,0,0,0,
475,OR,Odisha,OR_Nuapada,Nuapada,0,0,0,0,0,0,0,0,
476,OR,Odisha,OR_Puri,Puri,1,0,1,0,0,0,0,0,
477,OR,Odisha,OR_Rayagada,Rayagada,0,0,0,0,0,0,0,0,
478,OR,Odisha,OR_Sambalpur,Sambalpur,0,0,0,0,0,0,0,0,
479,OR,Odisha,OR_Subarnapur,Subarnapur,0,0,0,0,0,0,0,0,
480,OR,Odisha,OR_Sundargarh,Sundargarh,12,7,5,0,0,0,0,0,
481,PY,Puducherry,PY_Karaikal,Karaikal,0,0,0,0,0,0,0,0,
482,PY,Puducherry,PY_Mahe,Mahe,2,1,1,0,0,0,0,0,
483,PY,Puducherry,PY_Puducherry,Puducherry,7,2,5,0,0,0,0,0,
484,PY,Puducherry,PY_Yanam,Yanam,0,0,0,0,0,0,0,0,
485,PB,Punjab,PB_Amritsar,Amritsar,218,207,8,3,0,0,0,0,
486,PB,Punjab,PB_Barnala,Barnala,19,17,1,1,0,0,0,0,
487,PB,Punjab,PB_Bathinda,Bathinda,36,36,0,0,0,0,0,0,
488,PB,Punjab,PB_Faridkot,Faridkot,45,43,2,0,0,0,0,0,
489,PB,Punjab,PB_Fatehgarh Sahib,Fatehgarh Sahib,16,14,2,0,0,0,0,0,
490,PB,Punjab,PB_Fazilka,Fazilka,38,38,0,0,0,0,0,0,
491,PB,Punjab,PB_Ferozepur,Ferozepur,42,40,1,1,0,0,0,0,
492,PB,Punjab,PB_Gurdaspur,Gurdaspur,84,83,0,1,0,0,0,0,
493,PB,Punjab,PB_Hoshiarpur,Hoshiarpur,88,80,6,2,0,0,0,0,
494,PB,Punjab,PB_Jalandhar,Jalandhar,134,122,8,4,0,0,0,0,
495,PB,Punjab,PB_Kapurthala,Kapurthala,18,14,2,2,0,0,0,0,
496,PB,Punjab,PB_Ludhiana,Ludhiana,124,113,6,5,0,0,0,0,
497,PB,Punjab,PB_Mansa,Mansa,17,13,4,0,0,0,0,0,
498,PB,Punjab,PB_Moga,Moga,28,24,4,0,0,0,0,0,
499,PB,Punjab,PB_Pathankot,Pathankot,27,16,10,1,0,0,0,0,
500,PB,Punjab,PB_Patiala,Patiala,87,74,12,1,0,0,0,0,
501,PB,Punjab,PB_Rupnagar,Rupnagar,14,11,2,1,0,0,0,0,
502,PB,Punjab,PB_S.A.S. Nagar,S.A.S. Nagar,95,50,43,2,0,0,0,0,
503,PB,Punjab,PB_Sangrur,Sangrur,85,82,3,0,0,0,0,0,
504,PB,Punjab,PB_Shahid Bhagat Singh Nagar,Shahid Bhagat Singh Nagar,85,66,18,1,0,0,0,0,
505,PB,Punjab,PB_Sri Muktsar Sahib,Sri Muktsar Sahib,64,63,1,0,0,0,0,0,
506,PB,Punjab,PB_Tarn Taran,Tarn Taran,87,87,0,0,0,0,0,0,
507,RJ,Rajasthan,RJ_Ajmer,Ajmer,181,130,50,1,4,-6,10,0,
508,RJ,Rajasthan,RJ_Alwar,Alwar,14,7,6,1,1,1,0,0,
509,RJ,Rajasthan,RJ_Banswara,Banswara,66,8,58,0,0,0,0,0,
510,RJ,Rajasthan,RJ_Baran,Baran,1,1,0,0,0,0,0,0,
511,RJ,Rajasthan,RJ_Barmer,Barmer,3,2,1,0,0,0,0,0,
512,RJ,Rajasthan,RJ_Bharatpur,Bharatpur,116,9,105,2,1,1,0,0,
513,RJ,Rajasthan,RJ_Bhilwara,Bhilwara,39,2,35,2,0,0,0,0,
514,RJ,Rajasthan,RJ_Bikaner,Bikaner,38,1,36,1,0,0,0,0,
515,RJ,Rajasthan,RJ_Bundi,Bundi,0,0,0,0,0,0,0,0,
516,RJ,Rajasthan,RJ_Chittorgarh,Chittorgarh,100,99,0,1,1,1,0,0,
517,RJ,Rajasthan,RJ_Churu,Churu,14,0,14,0,0,0,0,0,
518,RJ,Rajasthan,RJ_Dausa,Dausa,21,3,18,0,0,0,0,0,
519,RJ,Rajasthan,RJ_Dholpur,Dholpur,17,16,1,0,2,2,0,0,
520,RJ,Rajasthan,RJ_Dungarpur,Dungarpur,9,4,5,0,2,2,0,0,
521,RJ,Rajasthan,RJ_Ganganagar,Ganganagar,0,0,0,0,0,0,0,0,
522,RJ,Rajasthan,RJ_Hanumangarh,Hanumangarh,11,0,11,0,0,-1,1,0,
523,RJ,Rajasthan,RJ_Jaipur,Jaipur,1074,578,446,50,27,27,0,0,
524,RJ,Rajasthan,RJ_Jaisalmer,Jaisalmer,35,4,31,0,0,0,0,0,
525,RJ,Rajasthan,RJ_Jalore,Jalore,3,3,0,0,3,3,0,0,
526,RJ,Rajasthan,RJ_Jhalawar,Jhalawar,42,4,38,0,0,0,0,0,
527,RJ,Rajasthan,RJ_Jhunjhunu,Jhunjhunu,42,2,40,0,0,0,0,0,
528,RJ,Rajasthan,RJ_Jodhpur,Jodhpur,794,551,230,13,32,32,0,0,
529,RJ,Rajasthan,RJ_Karauli,Karauli,3,1,2,0,0,0,0,0,
530,RJ,Rajasthan,RJ_Kota,Kota,221,53,158,10,0,0,0,0,
531,RJ,Rajasthan,RJ_Nagaur,Nagaur,119,66,51,2,0,0,0,0,
532,RJ,Rajasthan,RJ_Pali,Pali,35,33,2,0,7,7,0,0,
533,RJ,Rajasthan,RJ_Pratapgarh,Pratapgarh,4,1,2,1,0,0,0,0,
534,RJ,Rajasthan,RJ_Rajsamand,Rajsamand,5,5,0,0,0,0,0,0,
535,RJ,Rajasthan,RJ_Sawai Madhopur,Sawai Madhopur,9,3,5,1,1,0,0,1,
536,RJ,Rajasthan,RJ_Sikar,Sikar,8,4,2,2,1,1,0,0,
537,RJ,Rajasthan,RJ_Sirohi,Sirohi,0,0,0,0,0,0,0,0,
538,RJ,Rajasthan,RJ_Tonk,Tonk,136,15,120,1,0,0,0,0,
539,RJ,Rajasthan,RJ_Udaipur,Udaipur,15,9,6,0,0,0,0,0,
540,SK,Sikkim,SK_East District,East District,0,0,0,0,0,0,0,0,
541,SK,Sikkim,SK_North District,North District,0,0,0,0,0,0,0,0,
542,SK,Sikkim,SK_South District,South District,0,0,0,0,0,0,0,0,
543,SK,Sikkim,SK_West District,West District,0,0,0,0,0,0,0,0,
544,TN,Tamil Nadu,TN_Ariyalur,Ariyalur,33,27,6,0,0,0,0,0,
545,TN,Tamil Nadu,TN_Chennai,Chennai,2007,1668,319,20,0,0,0,0,
546,TN,Tamil Nadu,TN_Coimbatore,Coimbatore,146,5,140,1,0,0,0,0,
547,TN,Tamil Nadu,TN_Cuddalore,Cuddalore,229,203,26,0,0,0,0,0,
548,TN,Tamil Nadu,TN_Dharmapuri,Dharmapuri,2,2,0,0,0,0,0,0,
549,TN,Tamil Nadu,TN_Dindigul,Dindigul,98,24,73,1,0,0,0,0,
550,TN,Tamil Nadu,TN_Erode,Erode,70,0,69,1,0,0,0,0,
551,TN,Tamil Nadu,TN_Kancheepuram,Kancheepuram,41,30,10,1,0,0,0,0,
552,TN,Tamil Nadu,TN_Kanyakumari,Kanyakumari,17,4,13,0,0,0,0,0,
553,TN,Tamil Nadu,TN_Karur,Karur,43,1,42,0,0,0,0,0,
554,TN,Tamil Nadu,TN_Krishnagiri,Krishnagiri,2,2,0,0,0,0,0,0,
555,TN,Tamil Nadu,TN_Madurai,Madurai,92,47,43,2,0,0,0,0,
556,TN,Tamil Nadu,TN_Nagapattinam,Nagapattinam,45,1,44,0,0,0,0,0,
557,TN,Tamil Nadu,TN_Namakkal,Namakkal,76,26,50,0,0,0,0,0,
558,TN,Tamil Nadu,TN_Perambalur,Perambalur,37,33,4,0,0,0,0,0,
559,TN,Tamil Nadu,TN_Pudukkottai,Pudukkottai,1,1,0,0,0,0,0,0,
560,TN,Tamil Nadu,TN_Ramanathapuram,Ramanathapuram,21,10,11,0,0,0,0,0,
561,TN,Tamil Nadu,TN_Salem,Salem,34,10,24,0,0,0,0,0,
562,TN,Tamil Nadu,TN_Sivaganga,Sivaganga,12,0,12,0,0,0,0,0,
563,TN,Tamil Nadu,TN_Thanjavur,Thanjavur,57,14,43,0,0,0,0,0,
564,TN,Tamil Nadu,TN_Nilgiris,Nilgiris,14,5,9,0,0,0,0,0,
565,TN,Tamil Nadu,TN_Theni,Theni,49,6,42,1,0,0,0,0,
566,TN,Tamil Nadu,TN_Thiruvallur,Thiruvallur,101,52,49,0,0,0,0,0,
567,TN,Tamil Nadu,TN_Thiruvarur,Thiruvarur,32,12,20,0,0,0,0,0,
568,TN,Tamil Nadu,TN_Thoothukkudi,Thoothukkudi,27,0,26,1,0,0,0,0,
569,TN,Tamil Nadu,TN_Tiruchirappalli,Tiruchirappalli,56,10,46,0,0,0,0,0,
570,TN,Tamil Nadu,TN_Tirunelveli,Tirunelveli,66,7,59,0,0,0,0,0,
571,TN,Tamil Nadu,TN_Tiruppur,Tiruppur,114,2,112,0,0,0,0,0,
572,TN,Tamil Nadu,TN_Tiruvannamalai,Tiruvannamalai,23,13,10,0,0,0,0,0,
573,TN,Tamil Nadu,TN_Vellore,Vellore,23,6,16,1,0,0,0,0,
574,TN,Tamil Nadu,TN_Viluppuram,Viluppuram,164,133,29,2,0,0,0,0,
575,TN,Tamil Nadu,TN_Virudhunagar,Virudhunagar,35,12,23,0,0,0,0,0,
576,TG,Telangana,TG_Adilabad,Adilabad,21,12,9,0,0,0,0,0,
577,TG,Telangana,TG_Bhadradri Kothagudem,Bhadradri Kothagudem,4,0,4,0,0,0,0,0,
578,TG,Telangana,TG_Hyderabad,Hyderabad,591,395,175,21,0,0,0,0,
579,TG,Telangana,TG_Jagtial,Jagtial,4,2,2,0,0,0,0,0,
580,TG,Telangana,TG_Jangaon,Jangaon,3,2,1,0,0,0,0,0,
581,TG,Telangana,TG_Jayashankar Bhupalapally,Jayashankar Bhupalapally,3,3,0,0,0,0,0,0,
582,TG,Telangana,TG_Jogulamba Gadwal,Jogulamba Gadwal,45,35,9,1,0,0,0,0,
583,TG,Telangana,TG_Kamareddy,Kamareddy,12,4,8,0,0,0,0,0,
584,TG,Telangana,TG_Karimnagar,Karimnagar,19,4,15,0,0,0,0,0,
585,TG,Telangana,TG_Khammam,Khammam,8,6,2,0,0,0,0,0,
586,TG,Telangana,TG_Komaram Bheem,Komaram Bheem,7,7,0,0,0,0,0,0,
587,TG,Telangana,TG_Mahabubabad,Mahabubabad,1,0,1,0,0,0,0,0,
588,TG,Telangana,TG_Mahabubnagar,Mahabubnagar,11,3,8,0,0,0,0,0,
589,TG,Telangana,TG_Mancherial,Mancherial,1,0,0,1,0,0,0,0,
590,TG,Telangana,TG_Medak,Medak,5,2,3,0,0,0,0,0,
591,TG,Telangana,TG_Medchal Malkajgiri,Medchal Malkajgiri,22,18,3,1,0,0,0,0,
592,TG,Telangana,TG_Mulugu,Mulugu,2,0,2,0,0,0,0,0,
593,TG,Telangana,TG_Nagarkurnool,Nagarkurnool,2,0,2,0,0,0,0,0,
594,TG,Telangana,TG_Nalgonda,Nalgonda,17,6,11,0,0,0,0,0,
595,TG,Telangana,TG_Narayanpet,Narayanpet,1,0,0,1,0,0,0,0,
596,TG,Telangana,TG_Nirmal,Nirmal,20,9,11,0,0,0,0,0,
597,TG,Telangana,TG_Nizamabad,Nizamabad,61,33,28,0,0,0,0,0,
598,TG,Telangana,TG_Peddapalli,Peddapalli,2,1,1,0,0,0,0,0,
599,TG,Telangana,TG_Rajanna Sircilla,Rajanna Sircilla,3,3,0,0,0,0,0,0,
600,TG,Telangana,TG_Ranga Reddy,Ranga Reddy,36,24,10,2,0,0,0,0,
601,TG,Telangana,TG_Sangareddy,Sangareddy,7,2,5,0,0,0,0,0,
602,TG,Telangana,TG_Siddipet,Siddipet,1,0,1,0,0,0,0,0,
603,TG,Telangana,TG_Suryapet,Suryapet,83,75,8,0,0,0,0,0,
604,TG,Telangana,TG_Vikarabad,Vikarabad,37,26,10,1,0,0,0,0,
605,TG,Telangana,TG_Wanaparthy,Wanaparthy,0,0,0,0,0,0,0,0,
606,TG,Telangana,TG_Warangal Rural,Warangal Rural,0,0,0,0,0,0,0,0,
607,TG,Telangana,TG_Warangal Urban,Warangal Urban,27,5,22,0,0,0,0,0,
608,TG,Telangana,TG_Yadadri Bhuvanagiri,Yadadri Bhuvanagiri,0,0,0,0,0,0,0,0,
609,TR,Tripura,TR_Dhalai,Dhalai,40,40,0,0,0,0,0,0,
610,TR,Tripura,TR_Gomati,Gomati,1,0,1,0,0,0,0,0,
611,TR,Tripura,TR_Khowai,Khowai,0,0,0,0,0,0,0,0,
612,TR,Tripura,TR_North Tripura,North Tripura,1,0,1,0,0,0,0,0,
613,TR,Tripura,TR_Sipahijala,Sipahijala,0,0,0,0,0,0,0,0,
614,TR,Tripura,TR_South Tripura,South Tripura,0,0,0,0,0,0,0,0,
615,TR,Tripura,TR_Unokoti,Unokoti,0,0,0,0,0,0,0,0,
616,TR,Tripura,TR_West Tripura,West Tripura,0,0,0,0,0,0,0,0,
617,UP,Uttar Pradesh,UP_Agra,Agra,640,416,208,16,0,0,0,0,
618,UP,Uttar Pradesh,UP_Aligarh,Aligarh,43,42,0,1,0,0,0,0,
619,UP,Uttar Pradesh,UP_Ambedkar Nagar,Ambedkar Nagar,0,0,0,0,0,0,0,0,
620,UP,Uttar Pradesh,UP_Amethi,Amethi,1,1,0,0,0,0,0,0,
621,UP,Uttar Pradesh,UP_Amroha,Amroha,32,5,26,1,0,0,0,0,
622,UP,Uttar Pradesh,UP_Auraiya,Auraiya,13,7,6,0,0,0,0,0,
623,UP,Uttar Pradesh,UP_Azamgarh,Azamgarh,8,4,4,0,0,0,0,0,
624,UP,Uttar Pradesh,UP_Baghpat,Baghpat,18,4,14,0,0,0,0,0,
625,UP,Uttar Pradesh,UP_Bahraich,Bahraich,15,15,0,0,0,0,0,0,
626,UP,Uttar Pradesh,UP_Ballia,Ballia,0,0,0,0,0,0,0,0,
627,UP,Uttar Pradesh,UP_Balrampur,Balrampur,1,1,0,0,0,0,0,0,
628,UP,Uttar Pradesh,UP_Banda,Banda,7,4,3,0,0,0,0,0,
629,UP,Uttar Pradesh,UP_Barabanki,Barabanki,2,1,1,0,0,0,0,0,
630,UP,Uttar Pradesh,UP_Bareilly,Bareilly,10,3,6,1,0,0,0,0,
631,UP,Uttar Pradesh,UP_Basti,Basti,32,18,13,1,0,0,0,0,
632,UP,Uttar Pradesh,UP_Bhadohi,Bhadohi,2,1,1,0,0,0,0,0,
633,UP,Uttar Pradesh,UP_Bijnor,Bijnor,34,12,21,1,0,0,0,0,
634,UP,Uttar Pradesh,UP_Budaun,Budaun,16,11,5,0,0,0,0,0,
635,UP,Uttar Pradesh,UP_Bulandshahr,Bulandshahr,56,34,21,1,0,0,0,0,
636,UP,Uttar Pradesh,UP_Chandauli,Chandauli,0,0,0,0,0,0,0,0,
637,UP,Uttar Pradesh,UP_Chitrakoot,Chitrakoot,0,0,0,0,0,0,0,0,
638,UP,Uttar Pradesh,UP_Deoria,Deoria,2,2,0,0,0,0,0,0,
639,UP,Uttar Pradesh,UP_Etah,Etah,11,11,0,0,0,0,0,0,
640,UP,Uttar Pradesh,UP_Etawah,Etawah,2,0,2,0,0,0,0,0,
642,UP,Uttar Pradesh,UP_Farrukhabad,Farrukhabad,0,0,0,0,0,0,0,0,
643,UP,Uttar Pradesh,UP_Fatehpur,Fatehpur,0,0,0,0,0,0,0,0,
644,UP,Uttar Pradesh,UP_Firozabad,Firozabad,165,121,41,3,0,0,0,0,
645,UP,Uttar Pradesh,UP_Gautam Buddha Nagar,Gautam Buddha Nagar,193,84,109,0,0,0,0,0,
646,UP,Uttar Pradesh,UP_Ghaziabad,Ghaziabad,104,50,52,2,0,0,0,0,
647,UP,Uttar Pradesh,UP_Ghazipur,Ghazipur,6,1,5,0,0,0,0,0,
648,UP,Uttar Pradesh,UP_Gonda,Gonda,8,7,1,0,0,0,0,0,
649,UP,Uttar Pradesh,UP_Gorakhpur,Gorakhpur,3,3,0,0,0,0,0,0,
650,UP,Uttar Pradesh,UP_Hamirpur,Hamirpur,0,0,0,0,0,0,0,0,
651,UP,Uttar Pradesh,UP_Hapur,Hapur,44,30,14,0,0,0,0,0,
652,UP,Uttar Pradesh,UP_Hardoi,Hardoi,2,0,2,0,0,0,0,0,
653,UP,Uttar Pradesh,UP_Hathras,Hathras,7,3,4,0,0,0,0,0,
654,UP,Uttar Pradesh,UP_Jalaun,Jalaun,5,5,0,0,0,0,0,0,
655,UP,Uttar Pradesh,UP_Jaunpur,Jaunpur,8,3,5,0,0,0,0,0,
656,UP,Uttar Pradesh,UP_Jhansi,Jhansi,15,14,0,1,0,0,0,0,
657,UP,Uttar Pradesh,UP_Kannauj,Kannauj,7,4,3,0,0,0,0,0,
658,UP,Uttar Pradesh,UP_Kanpur Dehat,Kanpur Dehat,2,1,0,1,0,0,0,0,
659,UP,Uttar Pradesh,UP_Kanpur Nagar,Kanpur Nagar,276,237,34,5,0,0,0,0,
660,UP,Uttar Pradesh,UP_Kasganj,Kasganj,3,0,3,0,0,0,0,0,
661,UP,Uttar Pradesh,UP_Kaushambi,Kaushambi,2,0,2,0,0,0,0,0,
662,UP,Uttar Pradesh,UP_Lakhimpur Kheri,Lakhimpur Kheri,4,0,4,0,0,0,0,0,
663,UP,Uttar Pradesh,UP_Kushinagar,Kushinagar,1,1,0,0,0,0,0,0,
664,UP,Uttar Pradesh,UP_Lalitpur,Lalitpur,0,0,0,0,0,0,0,0,
665,UP,Uttar Pradesh,UP_Lucknow,Lucknow,231,159,71,1,0,0,0,0,
666,UP,Uttar Pradesh,UP_Mahoba,Mahoba,2,2,0,0,0,0,0,0,
667,UP,Uttar Pradesh,UP_Maharajganj,Maharajganj,7,1,6,0,0,0,0,0,
668,UP,Uttar Pradesh,UP_Mainpuri,Mainpuri,8,3,4,1,0,0,0,0,
669,UP,Uttar Pradesh,UP_Mathura,Mathura,32,23,5,4,0,0,0,0,
670,UP,Uttar Pradesh,UP_Mau,Mau,1,1,0,0,0,0,0,0,
671,UP,Uttar Pradesh,UP_Meerut,Meerut,163,101,55,7,0,0,0,0,
672,UP,Uttar Pradesh,UP_Mirzapur,Mirzapur,3,1,2,0,0,0,0,0,
673,UP,Uttar Pradesh,UP_Moradabad,Moradabad,116,57,52,7,0,0,0,0,
674,UP,Uttar Pradesh,UP_Muzaffarnagar,Muzaffarnagar,24,9,15,0,0,0,0,0,
675,UP,Uttar Pradesh,UP_Pilibhit,Pilibhit,3,1,2,0,0,0,0,0,
676,UP,Uttar Pradesh,UP_Pratapgarh,Pratapgarh,11,5,6,0,0,0,0,0,
677,UP,Uttar Pradesh,UP_Prayagraj,Prayagraj,10,9,1,0,0,0,0,0,
678,UP,Uttar Pradesh,UP_Rae Bareli,Rae Bareli,46,44,2,0,0,0,0,0,
679,UP,Uttar Pradesh,UP_Rampur,Rampur,25,13,12,0,0,0,0,0,
680,UP,Uttar Pradesh,UP_Saharanpur,Saharanpur,205,126,79,0,0,0,0,0,
681,UP,Uttar Pradesh,UP_Sambhal,Sambhal,21,15,6,0,0,0,0,0,
682,UP,Uttar Pradesh,UP_Sant Kabir Nagar,Sant Kabir Nagar,26,26,0,0,0,0,0,0,
683,UP,Uttar Pradesh,UP_Shahjahanpur,Shahjahanpur,1,0,1,0,0,0,0,0,
684,UP,Uttar Pradesh,UP_Shamli,Shamli,29,2,27,0,0,0,0,0,
685,UP,Uttar Pradesh,UP_Shrawasti,Shrawasti,7,6,0,1,0,0,0,0,
686,UP,Uttar Pradesh,UP_Siddharthnagar,Siddharthnagar,14,14,0,0,0,0,0,0,
687,UP,Uttar Pradesh,UP_Sitapur,Sitapur,20,3,17,0,0,0,0,0,
688,UP,Uttar Pradesh,UP_Sonbhadra,Sonbhadra,0,0,0,0,0,0,0,0,
689,UP,Uttar Pradesh,UP_Sultanpur,Sultanpur,3,3,0,0,0,0,0,0,
690,UP,Uttar Pradesh,UP_Unnao,Unnao,3,2,1,0,0,0,0,0,
691,UP,Uttar Pradesh,UP_Varanasi,Varanasi,68,54,13,1,0,0,0,0,
692,UT,Uttarakhand,UT_Almora,Almora,1,0,1,0,0,0,0,0,
693,UT,Uttarakhand,UT_Bageshwar,Bageshwar,0,0,0,0,0,0,0,0,
694,UT,Uttarakhand,UT_Chamoli,Chamoli,0,0,0,0,0,0,0,0,
695,UT,Uttarakhand,UT_Champawat,Champawat,0,0,0,0,0,0,0,0,
696,UT,Uttarakhand,UT_Dehradun,Dehradun,34,13,20,1,0,0,0,0,
697,UT,Uttarakhand,UT_Haridwar,Haridwar,7,2,5,0,0,0,0,0,
698,UT,Uttarakhand,UT_Nainital,Nainital,10,2,8,0,0,0,0,0,
699,UT,Uttarakhand,UT_Pauri Garhwal,Pauri Garhwal,1,0,1,0,0,0,0,0,
700,UT,Uttarakhand,UT_Pithoragarh,Pithoragarh,0,0,0,0,0,0,0,0,
701,UT,Uttarakhand,UT_Rudraprayag,Rudraprayag,0,0,0,0,0,0,0,0,
702,UT,Uttarakhand,UT_Tehri Garhwal,Tehri Garhwal,0,0,0,0,0,0,0,0,
703,UT,Uttarakhand,UT_Udham Singh Nagar,Udham Singh Nagar,8,4,4,0,0,0,0,0,
704,UT,Uttarakhand,UT_Uttarkashi,Uttarkashi,0,0,0,0,0,0,0,0,
705,WB,West Bengal,WB_Alipurduar,Alipurduar,0,0,0,0,0,0,0,0,
706,WB,West Bengal,WB_Bankura,Bankura,0,0,0,0,0,0,0,0,
707,WB,West Bengal,WB_Birbhum,Birbhum,3,3,0,0,0,0,0,0,
708,WB,West Bengal,WB_Cooch Behar,Cooch Behar,0,0,0,0,0,0,0,0,
709,WB,West Bengal,WB_Dakshin Dinajpur,Dakshin Dinajpur,0,0,0,0,0,0,0,0,
710,WB,West Bengal,WB_Darjeeling,Darjeeling,7,1,5,1,0,0,0,0,
711,WB,West Bengal,WB_Hooghly,Hooghly,43,30,9,4,0,0,0,0,
712,WB,West Bengal,WB_Howrah,Howrah,265,225,22,18,0,0,0,0,
713,WB,West Bengal,WB_Jalpaiguri,Jalpaiguri,4,0,4,0,0,0,0,0,
714,WB,West Bengal,WB_Jhargram,Jhargram,0,0,0,0,0,0,0,0,
715,WB,West Bengal,WB_Kalimpong,Kalimpong,7,0,6,1,0,0,0,0,
716,WB,West Bengal,WB_Kolkata,Kolkata,700,472,136,92,0,0,0,0,
717,WB,West Bengal,WB_Malda,Malda,2,2,0,0,0,0,0,0,
718,WB,West Bengal,WB_Paschim Medinipur,Paschim Medinipur,17,14,3,0,0,0,0,0,
719,WB,West Bengal,WB_Murshidabad,Murshidabad,1,0,0,1,0,0,0,0,
720,WB,West Bengal,WB_Nadia,Nadia,8,2,6,0,0,0,0,0,
721,WB,West Bengal,WB_North 24 Parganas,North 24 Parganas,187,131,38,18,0,0,0,0,
722,WB,West Bengal,WB_Paschim Bardhaman,Paschim Bardhaman,10,5,3,2,0,0,0,0,
723,WB,West Bengal,WB_Purba Bardhaman,Purba Bardhaman,4,4,0,0,0,0,0,0,
724,WB,West Bengal,WB_Purba Medinipur,Purba Medinipur,37,14,22,1,0,0,0,0,
725,WB,West Bengal,WB_Purulia,Purulia,0,0,0,0,0,0,0,0,
726,WB,West Bengal,WB_South 24 Parganas,South 24 Parganas,38,27,10,1,0,0,0,0,
0,WB,West Bengal,WB_Other State,Other State,11,10,0,1,0,0,0,0,
727,WB,West Bengal,WB_Uttar Dinajpur,Uttar Dinajpur,0,0,0,0,0,0,0,0,
728,MZ,Mizoram,MZ_Saitual,Saitual,0,0,0,0,0,0,0,0,
729,MZ,Mizoram,MZ_Hnahthial,Hnahthial,0,0,0,0,0,0,0,0,
730,MZ,Mizoram,MZ_Khawzawl,Khawzawl,0,0,0,0,0,0,0,0,
731,TN,Tamil Nadu,TN_Tenkasi,Tenkasi,47,35,12,0,0,0,0,0,
732,TN,Tamil Nadu,TN_Chengalpattu,Chengalpattu,130,79,49,2,0,0,0,0,
733,TN,Tamil Nadu,TN_Ranipet,Ranipet,42,8,34,0,0,0,0,0,
734,TN,Tamil Nadu,TN_Kallakurichi,Kallakurichi,53,50,3,0,0,0,0,0,
735,TN,Tamil Nadu,TN_Tirupathur,Tirupathur,19,2,17,0,0,0,0,0,
765,UP,Uttar Pradesh,UP_Ayodhya,Ayodhya,1,1,0,0,0,0,0,0,
728,AN,Andaman and Nicobar Islands,AN_Unknown,Unknown,0,,0,0,0,0,0,0,
729,AP,Andhra Pradesh,AP_Unknown,Unknown,0,,0,0,0,0,0,0,
730,AR,Arunachal Pradesh,AR_Unknown,Unknown,0,,0,0,0,0,0,0,
731,AS,Assam,AS_Unknown,Unknown,0,,0,0,0,0,0,0,
732,BR,Bihar,BR_Unknown,Unknown,0,,0,0,0,0,0,0,
733,CH,Chandigarh,CH_Unknown,Unknown,0,,0,0,0,0,0,0,
734,CT,Chhattisgarh,CT_Unknown,Unknown,0,,0,0,0,0,0,0,
735,DN,Dadra and Nagar Haveli and Daman and Diu,DN_Unknown,Unknown,0,,0,0,0,0,0,0,
737,DL,Delhi,DL_Unknown,Unknown,4316,,1468,64,0,0,0,0,
738,GA,Goa,GA_Unknown,Unknown,0,,0,0,0,0,0,0,
739,GJ,Gujarat,GJ_Unknown,Unknown,0,,0,0,0,0,0,0,
740,HR,Haryana,HR_Unknown,Unknown,0,,0,0,0,0,0,0,
741,HP,Himachal Pradesh,HP_Unknown,Unknown,0,,0,0,0,0,0,0,
742,JK,Jammu and Kashmir,JK_Unknown,Unknown,0,,0,0,0,0,0,0,
743,JH,Jharkhand,JH_Unknown,Unknown,0,,0,0,0,0,0,0,
744,KA,Karnataka,KA_Unknown,Unknown,0,,14,0,0,0,0,0,
745,KL,Kerala,KL_Unknown,Unknown,0,,0,0,0,0,0,0,
746,LA,Ladakh,LA_Unknown,Unknown,0,,0,0,0,0,0,0,
747,LD,Lakshadweep,LD_Unknown,Unknown,0,,0,0,0,0,0,0,
748,MP,Madhya Pradesh,MP_Unknown,Unknown,0,,0,0,0,0,0,0,
749,MH,Maharashtra,MH_Unknown,Unknown,0,,0,0,0,0,0,0,
750,MN,Manipur,MN_Unknown,Unknown,0,,0,0,0,0,0,0,
751,ML,Meghalaya,ML_Unknown,Unknown,0,,0,0,0,0,0,0,
752,MZ,Mizoram,MZ_Unknown,Unknown,0,,0,0,0,0,0,0,
753,NL,Nagaland,NL_Unknown,Unknown,0,,0,0,0,0,0,0,
754,OR,Odisha,OR_Unknown,Unknown,0,,0,0,0,0,0,0,
755,PY,Puducherry,PY_Unknown,Unknown,0,,0,0,0,0,0,0,
756,PB,Punjab,PB_Unknown,Unknown,0,,0,0,0,0,0,0,
757,RJ,Rajasthan,RJ_Unknown,Unknown,0,,0,0,0,0,0,0,
758,SK,Sikkim,SK_Unknown,Unknown,0,,0,0,0,0,0,0,
759,TN,Tamil Nadu,TN_Unknown,Unknown,0,,0,0,0,0,0,0,
760,TG,Telangana,TG_Unknown,Unknown,40,,277,1,0,0,0,0,
761,TR,Tripura,TR_Unknown,Unknown,0,,0,0,0,0,0,0,
762,UP,Uttar Pradesh,UP_Unknown,Unknown,0,,0,0,0,0,0,0,
763,UT,Uttarakhand,UT_Unknown,Unknown,0,,0,0,0,0,0,0,
764,WB,West Bengal,WB_Unknown,Unknown,0,,0,0,0,0,0,0,