SlNo,State_Code,State,District_Key,District,Confirmed,Active,Recovered,Deceased,Delta_Confirmed,Delta_Active,Delta_Recovered,Delta_Deceased,District_Notes,Last_Updated
0,UN,State Unassigned,UN_Unassigned,Unassigned,1096,1096,0,0,0,0,0,0,,
1,AN,Andaman and Nicobar Islands,AN_Nicobars,Nicobars,0,0,0,0,0,0,0,0,,
2,AN,Andaman and Nicobar Islands,AN_North and Middle Andaman,North and Middle Andaman,1,0,1,0,0,0,0,0,,
3,AN,Andaman and Nicobar Islands,AN_South Andaman,South Andaman,32,0,32,0,0,0,0,0,,
4,AP,Andhra Pradesh,AP_Anantapur,Anantapur,136,40,92,4,0,0,0,0,,
5,AP,Andhra Pradesh,AP_Chittoor,Chittoor,208,110,97,1,0,0,0,0,,
6,AP,Andhra Pradesh,AP_East Godavari,East Godavari,59,16,43,0,0,0,0,0,,
7,AP,Andhra Pradesh,AP_Guntur,Guntur,426,90,328,8,0,0,0,0,,
8,AP,Andhra Pradesh,AP_Krishna,Krishna,396,101,280,15,0,0,0,0,,
9,AP,Andhra Pradesh,AP_Kurnool,Kurnool,638,170,447,21,0,0,0,0,,
0,AP,Andhra Pradesh,AP_Other State,Other State,153,128,25,0,0,0,0,0,,
10,AP,Andhra Pradesh,AP_Prakasam,Prakasam,67,4,63,0,0,0,0,0,,
11,AP,Andhra Pradesh,AP_S.P.S. Nellore,S.P.S. Nellore,182,75,103,4,0,-1,0,1,,
12,AP,Andhra Pradesh,AP_Srikakulam,Srikakulam,16,11,5,0,0,0,0,0,,
13,AP,Andhra Pradesh,AP_Visakhapatnam,Visakhapatnam,81,33,47,1,0,0,0,0,,
14,AP,Andhra Pradesh,AP_Vizianagaram,Vizianagaram,16,12,4,0,0,0,0,0,,
15,AP,Andhra Pradesh,AP_West Godavari,West Godavari,75,21,54,0,0,0,0,0,,
16,AP,Andhra Pradesh,AP_Y.S.R. Kadapa,Y.S.R. Kadapa,107,31,76,0,0,0,0,0,,
17,AR,Arunachal Pradesh,AR_Anjaw,Anjaw,0,0,0,0,0,0,0,0,,
18,AR,Arunachal Pradesh,AR_Changlang,Changlang,0,0,0,0,0,0,0,0,,
19,AR,Arunachal Pradesh,AR_East Kameng,East Kameng,0,0,0,0,0,0,0,0,,
20,AR,Arunachal Pradesh,AR_East Siang,East Siang,0,0,0,0,0,0,0,0,,
21,AR,Arunachal Pradesh,AR_Kamle,Kamle,0,0,0,0,0,0,0,0,,
22,AR,Arunachal Pradesh,AR_Kra Daadi,Kra Daadi,0,0,0,0,0,0,0,0,,
23,AR,Arunachal Pradesh,AR_Kurung Kumey,Kurung Kumey,0,0,0,0,0,0,0,0,,
24,AR,Arunachal Pradesh,AR_Lepa Rada,Lepa Rada,0,0,0,0,0,0,0,0,,
25,AR,Arunachal Pradesh,AR_Lohit,Lohit,1,0,1,0,0,0,0,0,,
26,AR,Arunachal Pradesh,AR_Longding,Longding,0,0,0,0,0,0,0,0,,
27,AR,Arunachal Pradesh,AR_Lower Dibang Valley,Lower Dibang Valley,0,0,0,0,0,0,0,0,,
28,AR,Arunachal Pradesh,AR_Lower Siang,Lower Siang,0,0,0,0,0,0,0,0,,
29,AR,Arunachal Pradesh,AR_Lower Subansiri,Lower Subansiri,0,0,0,0,0,0,0,0,,
30,AR,Arunachal Pradesh,AR_Namsai,Namsai,0,0,0,0,0,0,0,0,,
31,AR,Arunachal Pradesh,AR_Pakke Kessang,Pakke Kessang,0,0,0,0,0,0,0,0,,
32,AR,Arunachal Pradesh,AR_Papum Pare,Papum Pare,0,0,0,0,0,0,0,0,,
33,AR,Arunachal Pradesh,AR_Shi Yomi,Shi Yomi,0,0,0,0,0,0,0,0,,
34,AR,Arunachal Pradesh,AR_Siang,Siang,0,0,0,0,0,0,0,0,,
35,AR,Arunachal Pradesh,AR_Tawang,Tawang,0,0,0,0,0,0,0,0,,
36,AR,Arunachal Pradesh,AR_Tirap,Tirap,0,0,0,0,0,0,0,0,,
37,AR,Arunachal Pradesh,AR_Upper Dibang Valley,Upper Dibang Valley,0,0,0,0,0,0,0,0,,
38,AR,Arunachal Pradesh,AR_Upper Siang,Upper Siang,0,0,0,0,0,0,0,0,,
39,AR,Arunachal Pradesh,AR_Upper Subansiri,Upper Subansiri,0,0,0,0,0,0,0,0,,
40,AR,Arunachal Pradesh,AR_West Kameng,West Kameng,0,0,0,0,0,0,0,0,,
41,AR,Arunachal Pradesh,AR_West Siang,West Siang,0,0,0,0,0,0,0,0,,
42,AS,Assam,AS_Baksa,Baksa,0,0,0,0,0,0,0,0,,
43,AS,Assam,AS_Barpeta,Barpeta,0,0,0,0,0,0,0,0,,
44,AS,Assam,AS_Biswanath,Biswanath,2,2,0,0,0,0,0,0,,
45,AS,Assam,AS_Bongaigaon,Bongaigaon,5,0,5,0,0,0,0,0,,
46,AS,Assam,AS_Cachar,Cachar,14,8,6,0,0,0,0,0,,
47,AS,Assam,AS_Charaideo,Charaideo,0,0,0,0,0,0,0,0,,
48,AS,Assam,AS_Chirang,Chirang,0,0,0,0,0,0,0,0,,
49,AS,Assam,AS_Darrang,Darrang,1,1,0,0,1,1,0,0,,
50,AS,Assam,AS_Dhemaji,Dhemaji,0,0,0,0,0,0,0,0,,
51,AS,Assam,AS_Dhubri,Dhubri,7,2,5,0,2,2,0,0,,
52,AS,Assam,AS_Dibrugarh,Dibrugarh,1,1,0,0,1,1,0,0,,
53,AS,Assam,AS_Dima Hasao,Dima Hasao,0,0,0,0,0,0,0,0,,
54,AS,Assam,AS_Goalpara,Goalpara,6,2,4,0,0,0,0,0,,
55,AS,Assam,AS_Golaghat,Golaghat,15,6,9,0,0,0,0,0,,
56,AS,Assam,AS_Hailakandi,Hailakandi,1,0,0,1,0,0,0,0,,
57,AS,Assam,AS_Hojai,Hojai,10,10,0,0,0,0,0,0,,
58,AS,Assam,AS_Jorhat,Jorhat,7,5,2,0,0,0,0,0,,
59,AS,Assam,AS_Kamrup,Kamrup,10,9,1,0,0,0,0,0,,
60,AS,Assam,AS_Kamrup Metropolitan,Kamrup Metropolitan,81,76,2,3,0,0,0,0,,
61,AS,Assam,AS_Karbi Anglong,Karbi Anglong,0,0,0,0,0,0,0,0,,
62,AS,Assam,AS_Karimganj,Karimganj,5,3,2,0,0,0,0,0,,
63,AS,Assam,AS_Kokrajhar,Kokrajhar,6,6,0,0,4,4,0,0,,
64,AS,Assam,AS_Lakhimpur,Lakhimpur,3,2,1,0,2,2,0,0,,
65,AS,Assam,AS_Majuli,Majuli,0,0,0,0,0,0,0,0,,
66,AS,Assam,AS_Morigaon,Morigaon,6,0,6,0,0,0,0,0,,
67,AS,Assam,AS_Nagaon,Nagaon,4,4,0,0,0,0,0,0,,
68,AS,Assam,AS_Nalbari,Nalbari,6,2,4,0,0,0,0,0,,
0,AS,Assam,AS_Other State,Other State,1,0,1,0,0,0,0,0,,
69,AS,Assam,AS_Sivasagar,Sivasagar,3,3,0,0,2,2,0,0,,
70,AS,Assam,AS_Sonitpur,Sonitpur,8,8,0,0,5,5,0,0,,
71,AS,Assam,AS_South Salmara Mankachar,South Salmara Mankachar,1,0,1,0,0,0,0,0,,
72,AS,Assam,AS_Tinsukia,Tinsukia,0,0,0,0,0,0,0,0,,
73,AS,Assam,AS_Udalguri,Udalguri,1,1,0,0,1,1,0,0,,
74,AS,Assam,AS_West Karbi Anglong,West Karbi Anglong,2,2,0,0,2,2,0,0,,
75,BR,Bihar,BR_Araria,Araria,4,3,1,0,0,0,0,0,,
76,BR,Bihar,BR_Arwal,Arwal,17,13,4,0,0,0,0,0,,
77,BR,Bihar,BR_Aurangabad,Aurangabad,26,14,12,0,0,0,0,0,,
78,BR,Bihar,BR_Banka,Banka,52,51,1,0,1,1,0,0,,
79,BR,Bihar,BR_Begusarai,Begusarai,90,70,20,0,8,8,0,0,,
80,BR,Bihar,BR_Bhagalpur,Bhagalpur,59,47,12,0,0,0,0,0,,
81,BR,Bihar,BR_Bhojpur,Bhojpur,38,20,18,0,0,0,0,0,,
82,BR,Bihar,BR_Buxar,Buxar,75,19,56,0,11,11,0,0,,
83,BR,Bihar,BR_Darbhanga,Darbhanga,22,17,5,0,0,0,0,0,,
101,BR,Bihar,BR_East Champaran,East Champaran,30,20,9,1,11,11,0,0,,
84,BR,Bihar,BR_Gaya,Gaya,18,12,6,0,7,7,0,0,,
85,BR,Bihar,BR_Gopalganj,Gopalganj,81,63,18,0,17,17,0,0,,
86,BR,Bihar,BR_Jamui,Jamui,15,15,0,0,0,0,0,0,,
87,BR,Bihar,BR_Jehanabad,Jehanabad,108,103,5,0,50,50,0,0,,
88,BR,Bihar,BR_Kaimur,Kaimur,44,12,32,0,0,0,0,0,,
89,BR,Bihar,BR_Katihar,Katihar,54,46,8,0,19,19,0,0,,
90,BR,Bihar,BR_Khagaria,Khagaria,71,70,0,1,1,1,0,0,,
91,BR,Bihar,BR_Kishanganj,Kishanganj,14,11,3,0,0,0,0,0,,
92,BR,Bihar,BR_Lakhisarai,Lakhisarai,23,18,5,0,9,9,0,0,,
93,BR,Bihar,BR_Madhepura,Madhepura,20,18,2,0,0,0,0,0,,
94,BR,Bihar,BR_Madhubani,Madhubani,81,68,13,0,2,2,0,0,,
95,BR,Bihar,BR_Munger,Munger,136,43,92,1,3,3,0,0,,
96,BR,Bihar,BR_Muzaffarpur,Muzaffarpur,30,24,6,0,0,0,0,0,,
97,BR,Bihar,BR_Nalanda,Nalanda,78,30,48,0,0,0,0,0,,
98,BR,Bihar,BR_Nawada,Nawada,41,37,4,0,0,0,0,0,,
100,BR,Bihar,BR_Patna,Patna,168,120,46,2,1,1,0,0,,
102,BR,Bihar,BR_Purnia,Purnia,38,36,2,0,7,7,0,0,,
103,BR,Bihar,BR_Rohtas,Rohtas,109,49,59,1,18,18,0,0,,
104,BR,Bihar,BR_Saharsa,Saharsa,22,22,0,0,0,0,0,0,,
105,BR,Bihar,BR_Samastipur,Samastipur,41,40,1,0,25,25,0,0,,
106,BR,Bihar,BR_Saran,Saran,14,6,8,0,0,0,0,0,,
107,BR,Bihar,BR_Sheikhpura,Sheikhpura,37,37,0,0,13,13,0,0,,
108,BR,Bihar,BR_Sheohar,Sheohar,5,2,3,0,0,0,0,0,,
109,BR,Bihar,BR_Sitamarhi,Sitamarhi,9,4,4,1,0,0,0,0,,
110,BR,Bihar,BR_Siwan,Siwan,45,13,32,0,0,0,0,0,,
111,BR,Bihar,BR_Supaul,Supaul,29,29,0,0,2,2,0,0,,
112,BR,Bihar,BR_Vaishali,Vaishali,19,15,2,2,4,4,0,0,,
99,BR,Bihar,BR_West Champaran,West Champaran,27,16,11,0,2,2,0,0,,
113,CH,Chandigarh,CH_Chandigarh,Chandigarh,218,37,178,3,16,-26,42,0,,
114,CT,Chhattisgarh,CT_Balod,Balod,14,14,0,0,1,1,0,0,,
115,CT,Chhattisgarh,CT_Baloda Bazar,Baloda Bazar,8,8,0,0,0,0,0,0,,
116,CT,Chhattisgarh,CT_Balrampur,Balrampur,0,0,0,0,0,0,0,0,,
117,CT,Chhattisgarh,CT_Bametara,Bametara,0,0,0,0,0,0,0,0,,
118,CT,Chhattisgarh,CT_Bastar,Bastar,0,0,0,0,0,0,0,0,,
119,CT,Chhattisgarh,CT_Bijapur,Bijapur,0,0,0,0,0,0,0,0,,
120,CT,Chhattisgarh,CT_Bilaspur,Bilaspur,8,7,1,0,7,7,0,0,,
121,CT,Chhattisgarh,CT_Dakshin Bastar Dantewada,Dakshin Bastar Dantewada,0,0,0,0,0,0,0,0,,
122,CT,Chhattisgarh,CT_Dhamtari,Dhamtari,0,0,0,0,0,0,0,0,,
123,CT,Chhattisgarh,CT_Durg,Durg,10,0,10,0,0,0,0,0,,
124,CT,Chhattisgarh,CT_Gariaband,Gariaband,1,1,0,0,0,0,0,0,,
125,CT,Chhattisgarh,CT_Janjgir Champa,Janjgir Champa,14,14,0,0,3,3,0,0,,
126,CT,Chhattisgarh,CT_Jashpur,Jashpur,0,0,0,0,0,0,0,0,,
127,CT,Chhattisgarh,CT_Kabeerdham,Kabeerdham,8,2,6,0,0,0,0,0,,
128,CT,Chhattisgarh,CT_Kondagaon,Kondagaon,0,0,0,0,0,0,0,0,,
129,CT,Chhattisgarh,CT_Korba,Korba,29,1,28,0,0,0,0,0,,
130,CT,Chhattisgarh,CT_Koriya,Koriya,1,1,0,0,0,0,0,0,,
131,CT,Chhattisgarh,CT_Mahasamund,Mahasamund,0,0,0,0,0,0,0,0,,
132,CT,Chhattisgarh,CT_Mungeli,Mungeli,1,1,0,0,0,0,0,0,,
133,CT,Chhattisgarh,CT_Narayanpur,Narayanpur,0,0,0,0,0,0,0,0,,
134,CT,Chhattisgarh,CT_Raigarh,Raigarh,5,5,0,0,0,0,0,0,,
135,CT,Chhattisgarh,CT_Raipur,Raipur,8,1,7,0,1,1,0,0,,
136,CT,Chhattisgarh,CT_Rajnandgaon,Rajnandgaon,10,9,1,0,4,4,0,0,,
137,CT,Chhattisgarh,CT_Sukma,Sukma,0,0,0,0,0,0,0,0,,
138,CT,Chhattisgarh,CT_Surajpur,Surajpur,7,1,6,0,0,0,0,0,,
139,CT,Chhattisgarh,CT_Surguja,Surguja,3,3,0,0,1,1,0,0,,
140,CT,Chhattisgarh,CT_Uttar Bastar Kanker,Uttar Bastar Kanker,1,1,0,0,1,1,0,0,,
144,DL,Delhi,DL_Central Delhi,Central Delhi,184,184,0,0,0,0,0,0,,
145,DL,Delhi,DL_East Delhi,East Delhi,38,38,0,0,0,0,0,0,,
146,DL,Delhi,DL_New Delhi,New Delhi,37,37,0,0,0,0,0,0,,
147,DL,Delhi,DL_North Delhi,North Delhi,60,60,0,0,0,0,0,0,,
148,DL,Delhi,DL_North East Delhi,North East Delhi,25,25,0,0,0,0,0,0,,
149,DL,Delhi,DL_North West Delhi,North West Delhi,32,31,0,1,0,0,0,0,,
150,DL,Delhi,DL_Shahdara,Shahdara,48,48,0,0,0,0,0,0,,
151,DL,Delhi,DL_South Delhi,South Delhi,70,70,0,0,0,0,0,0,,
152,DL,Delhi,DL_South East Delhi,South East Delhi,130,130,0,0,0,0,0,0,,
153,DL,Delhi,DL_South West Delhi,South West Delhi,42,42,0,0,0,0,0,0,,
154,DL,Delhi,DL_West Delhi,West Delhi,122,122,0,0,0,0,0,0,,
141,DN,Dadra and Nagar Haveli and Daman and Diu,DN_Dadra and Nagar Haveli,Dadra and Nagar Haveli,1,0,1,0,0,0,0,0,,
142,DN,Dadra and Nagar Haveli and Daman and Diu,DN_Daman,Daman,0,0,0,0,0,0,0,0,,
143,DN,Dadra and Nagar Haveli and Daman and Diu,DN_Diu,Diu,0,0,0,0,0,0,0,0,,
155,GA,Goa,GA_North Goa,North Goa,6,0,6,0,0,0,0,0,,
156,GA,Goa,GA_South Goa,South Goa,18,17,1,0,0,0,0,0,,
0,GJ,Gujarat,GJ_Other State,Other State,5,5,0,0,3,3,0,0,,
157,GJ,Gujarat,GJ_Ahmedabad,Ahmedabad,9449,5500,3330,619,233,16,200,17,,
158,GJ,Gujarat,GJ_Amreli,Amreli,2,2,0,0,0,0,0,0,,
159,GJ,Gujarat,GJ_Anand,Anand,85,1,75,9,0,-1,0,1,,
160,GJ,Gujarat,GJ_Aravalli,Aravalli,93,15,75,3,7,7,0,0,,
161,GJ,Gujarat,GJ_Banaskantha,Banaskantha,99,17,78,4,11,11,0,0,,
162,GJ,Gujarat,GJ_Bharuch,Bharuch,37,8,26,3,0,0,0,0,,
163,GJ,Gujarat,GJ_Bhavnagar,Bhavnagar,114,22,84,8,0,0,0,0,,
164,GJ,Gujarat,GJ_Botad,Botad,56,1,54,1,0,0,0,0,,
165,GJ,Gujarat,GJ_Chhota Udaipur,Chhota Udaipur,22,8,14,0,0,0,0,0,,
167,GJ,Gujarat,GJ_Dahod,Dahod,32,14,18,0,3,1,2,0,,
187,GJ,Gujarat,GJ_Dang,Dang,2,0,2,0,0,0,0,0,,
166,GJ,Gujarat,GJ_Devbhumi Dwarka,Devbhumi Dwarka,12,8,4,0,0,-2,2,0,,
168,GJ,Gujarat,GJ_Gandhinagar,Gandhinagar,198,100,90,8,5,-3,8,0,,
169,GJ,Gujarat,GJ_Gir Somnath,Gir Somnath,34,31,3,0,6,6,0,0,,
170,GJ,Gujarat,GJ_Jamnagar,Jamnagar,46,19,25,2,3,0,3,0,,
171,GJ,Gujarat,GJ_Junagadh,Junagadh,15,12,3,0,2,2,0,0,,
173,GJ,Gujarat,GJ_Kheda,Kheda,54,26,26,2,1,-1,1,1,,
172,GJ,Gujarat,GJ_Kutch,Kutch,61,54,6,1,4,4,0,0,,
175,GJ,Gujarat,GJ_Mahisagar,Mahisagar,77,38,38,1,9,9,0,0,,
174,GJ,Gujarat,GJ_Mehsana,Mehsana,93,38,51,4,13,12,0,1,,
176,GJ,Gujarat,GJ_Morbi,Morbi,2,0,2,0,0,0,0,0,,
177,GJ,Gujarat,GJ_Narmada,Narmada,15,2,13,0,2,1,1,0,,
178,GJ,Gujarat,GJ_Navsari,Navsari,14,6,8,0,3,3,0,0,,
179,GJ,Gujarat,GJ_Panchmahal,Panchmahal,72,8,58,6,1,-1,2,0,,
180,GJ,Gujarat,GJ_Patan,Patan,69,40,25,4,1,1,0,0,,
181,GJ,Gujarat,GJ_Porbandar,Porbandar,5,2,3,0,0,0,0,0,,
182,GJ,Gujarat,GJ_Rajkot,Rajkot,82,25,55,2,0,-3,3,0,,
183,GJ,Gujarat,GJ_Sabarkantha,Sabarkantha,52,29,20,3,3,3,0,0,,
184,GJ,Gujarat,GJ_Surat,Surat,1227,347,823,57,34,-7,40,1,,
185,GJ,Gujarat,GJ_Surendranagar,Surendranagar,16,13,3,0,3,3,0,0,,
186,GJ,Gujarat,GJ_Tapi,Tapi,3,1,2,0,0,0,0,0,,
188,GJ,Gujarat,GJ_Vadodara,Vadodara,750,245,470,35,24,14,7,3,,
189,GJ,Gujarat,GJ_Valsad,Valsad,17,12,4,1,0,0,0,0,,
212,HP,Himachal Pradesh,HP_Bilaspur,Bilaspur,7,5,2,0,0,0,0,0,,
213,HP,Himachal Pradesh,HP_Chamba,Chamba,13,2,11,0,0,-1,1,0,,
214,HP,Himachal Pradesh,HP_Hamirpur,Hamirpur,46,41,4,1,31,31,0,0,,
215,HP,Himachal Pradesh,HP_Kangra,Kangra,41,28,12,1,6,2,4,0,,
216,HP,Himachal Pradesh,HP_Kinnaur,Kinnaur,0,0,0,0,0,0,0,0,,
217,HP,Himachal Pradesh,HP_Kullu,Kullu,1,1,0,0,0,0,0,0,,
218,HP,Himachal Pradesh,HP_Lahaul and Spiti,Lahaul and Spiti,0,0,0,0,0,0,0,0,,
219,HP,Himachal Pradesh,HP_Mandi,Mandi,6,4,1,1,0,0,0,0,,
220,HP,Himachal Pradesh,HP_Shimla,Shimla,1,0,1,0,0,0,0,0,,
221,HP,Himachal Pradesh,HP_Sirmaur,Sirmaur,4,2,2,0,0,0,0,0,,
222,HP,Himachal Pradesh,HP_Solan,Solan,14,8,5,1,5,5,0,0,,
223,HP,Himachal Pradesh,HP_Una,Una,19,2,17,0,0,0,0,0,,
190,HR,Haryana,HR_Ambala,Ambala,42,0,40,2,0,0,0,0,,
191,HR,Haryana,HR_Bhiwani,Bhiwani,6,2,4,0,0,0,0,0,,
192,HR,Haryana,HR_Charkhi Dadri,Charkhi Dadri,6,5,1,0,0,0,0,0,,
193,HR,Haryana,HR_Faridabad,Faridabad,181,85,90,6,11,7,4,0,,
194,HR,Haryana,HR_Fatehabad,Fatehabad,8,5,3,0,0,-1,1,0,,
195,HR,Haryana,HR_Gurugram,Gurugram,239,108,131,0,13,13,0,0,,
196,HR,Haryana,HR_Hisar,Hisar,9,6,3,0,0,0,0,0,,
0,HR,Haryana,HR_Italians,Italians,14,0,14,0,0,0,0,0,,
197,HR,Haryana,HR_Jhajjar,Jhajjar,91,7,84,0,0,-22,22,0,,
198,HR,Haryana,HR_Jind,Jind,23,8,15,0,0,0,0,0,,
199,HR,Haryana,HR_Kaithal,Kaithal,5,2,3,0,0,0,0,0,,
200,HR,Haryana,HR_Karnal,Karnal,21,9,11,1,1,-1,2,0,,
201,HR,Haryana,HR_Kurukshetra,Kurukshetra,9,6,3,0,2,2,0,0,,
202,HR,Haryana,HR_Mahendragarh,Mahendragarh,11,7,4,0,1,1,0,0,,
203,HR,Haryana,HR_Nuh,Nuh,65,5,60,0,0,0,0,0,,
204,HR,Haryana,HR_Palwal,Palwal,40,4,36,0,0,0,0,0,,
205,HR,Haryana,HR_Panchkula,Panchkula,26,2,24,0,1,1,0,0,,
206,HR,Haryana,HR_Panipat,Panipat,46,12,31,3,6,6,0,0,,
207,HR,Haryana,HR_Rewari,Rewari,9,9,0,0,0,0,0,0,,
208,HR,Haryana,HR_Rohtak,Rohtak,14,6,7,1,1,-2,3,0,,
209,HR,Haryana,HR_Sirsa,Sirsa,8,0,8,0,0,0,0,0,,
210,HR,Haryana,HR_Sonipat,Sonipat,150,48,101,1,2,-6,8,0,,
211,HR,Haryana,HR_Yamunanagar,Yamunanagar,8,0,8,0,0,0,0,0,,
246,JH,Jharkhand,JH_Bokaro,Bokaro,10,0,9,1,0,0,0,0,,
247,JH,Jharkhand,JH_Chatra,Chatra,1,1,0,0,0,0,0,0,,
248,JH,Jharkhand,JH_Deoghar,Deoghar,5,1,4,0,0,0,0,0,,
249,JH,Jharkhand,JH_Dhanbad,Dhanbad,7,5,2,0,0,0,0,0,,
250,JH,Jharkhand,JH_Dumka,Dumka,2,0,2,0,0,0,0,0,,
264,JH,Jharkhand,JH_East Singhbhum,East Singhbhum,16,16,0,0,1,1,0,0,,
251,JH,Jharkhand,JH_Garhwa,Garhwa,47,44,3,0,0,0,0,0,,
252,JH,Jharkhand,JH_Giridih,Giridih,16,15,1,0,1,1,0,0,,
253,JH,Jharkhand,JH_Godda,Godda,1,0,1,0,0,0,0,0,,
254,JH,Jharkhand,JH_Gumla,Gumla,3,3,0,0,0,0,0,0,,
255,JH,Jharkhand,JH_Hazaribagh,Hazaribagh,33,30,3,0,0,0,0,0,,
256,JH,Jharkhand,JH_Jamtara,Jamtara,2,0,2,0,0,0,0,0,,
257,JH,Jharkhand,JH_Khunti,Khunti,0,0,0,0,0,0,0,0,,
258,JH,Jharkhand,JH_Koderma,Koderma,16,15,1,0,2,2,0,0,,
259,JH,Jharkhand,JH_Latehar,Latehar,4,4,0,0,0,0,0,0,,
260,JH,Jharkhand,JH_Lohardaga,Lohardaga,2,2,0,0,0,0,0,0,,
261,JH,Jharkhand,JH_Pakur,Pakur,0,0,0,0,0,0,0,0,,
262,JH,Jharkhand,JH_Palamu,Palamu,15,0,15,0,0,-7,7,0,,
265,JH,Jharkhand,JH_Ramgarh,Ramgarh,3,3,0,0,0,0,0,0,,
266,JH,Jharkhand,JH_Ranchi,Ranchi,112,19,91,2,7,7,0,0,,
267,JH,Jharkhand,JH_Sahibganj,Sahibganj,0,0,0,0,0,0,0,0,,
268,JH,Jharkhand,JH_Saraikela-Kharsawan,Saraikela-Kharsawan,4,4,0,0,2,2,0,0,,
269,JH,Jharkhand,JH_Simdega,Simdega,3,1,2,0,0,0,0,0,,
263,JH,Jharkhand,JH_West Singhbhum,West Singhbhum,1,1,0,0,0,0,0,0,,
224,JK,Jammu and Kashmir,JK_Anantnag,Anantnag,264,171,89,4,12,12,0,0,,
226,JK,Jammu and Kashmir,JK_Bandipora,Bandipora,138,9,128,1,0,0,0,0,,
227,JK,Jammu and Kashmir,JK_Baramulla,Baramulla,129,34,91,4,0,0,0,0,,
225,JK,Jammu and Kashmir,JK_Budgam,Budgam,63,31,30,2,4,3,0,1,,
228,JK,Jammu and Kashmir,JK_Doda,Doda,1,1,0,0,0,0,0,0,,
229,JK,Jammu and Kashmir,JK_Ganderbal,Ganderbal,27,12,15,0,2,2,0,0,,
230,JK,Jammu and Kashmir,JK_Jammu,Jammu,68,36,31,1,1,1,0,0,,
231,JK,Jammu and Kashmir,JK_Kathua,Kathua,40,36,4,0,3,0,3,0,,
232,JK,Jammu and Kashmir,JK_Kishtwar,Kishtwar,6,5,1,0,1,1,0,0,,
233,JK,Jammu and Kashmir,JK_Kulgam,Kulgam,192,181,10,1,21,21,0,0,,
234,JK,Jammu and Kashmir,JK_Kupwara,Kupwara,125,77,48,0,7,7,0,0,,
235,JK,Jammu and Kashmir,JK_Mirpur,Mirpur,0,0,0,0,0,0,0,0,,
236,JK,Jammu and Kashmir,JK_Muzaffarabad,Muzaffarabad,0,0,0,0,0,0,0,0,,
237,JK,Jammu and Kashmir,JK_Pulwama,Pulwama,19,10,9,0,0,-3,3,0,,
238,JK,Jammu and Kashmir,JK_Punch,Punch,4,4,0,0,0,0,0,0,,
239,JK,Jammu and Kashmir,JK_Rajouri,Rajouri,8,4,4,0,0,0,0,0,,
240,JK,Jammu and Kashmir,JK_Ramban,Ramban,30,29,1,0,3,3,0,0,,
241,JK,Jammu and Kashmir,JK_Reasi,Reasi,4,3,1,0,0,0,0,0,,
242,JK,Jammu and Kashmir,JK_Samba,Samba,16,10,6,0,0,0,0,0,,
243,JK,Jammu and Kashmir,JK_Shopiyan,Shopiyan,109,11,98,0,0,0,0,0,,
244,JK,Jammu and Kashmir,JK_Srinagar,Srinagar,173,70,97,6,5,4,0,1,,
245,JK,Jammu and Kashmir,JK_Udhampur,Udhampur,33,11,21,1,0,0,0,0,,
270,KA,Karnataka,KA_Bagalkote,Bagalkote,76,30,45,1,0,-6,6,0,,
271,KA,Karnataka,KA_Ballari,Ballari,30,16,13,1,11,11,0,0,,
272,KA,Karnataka,KA_Belagavi,Belagavi,125,68,56,1,9,9,0,0,,
274,KA,Karnataka,KA_Bengaluru Rural,Bengaluru Rural,6,0,6,0,0,0,0,0,,
273,KA,Karnataka,KA_Bengaluru Urban,Bengaluru Urban,258,125,124,9,8,8,0,0,,
275,KA,Karnataka,KA_Bidar,Bidar,67,44,21,2,0,0,0,0,,
276,KA,Karnataka,KA_Chamarajanagara,Chamarajanagara,0,0,0,0,0,0,0,0,,
277,KA,Karnataka,KA_Chikkaballapura,Chikkaballapura,26,6,18,2,2,2,0,0,,
278,KA,Karnataka,KA_Chikkamagaluru,Chikkamagaluru,5,5,0,0,0,0,0,0,,
279,KA,Karnataka,KA_Chitradurga,Chitradurga,10,9,1,0,0,0,0,0,,
280,KA,Karnataka,KA_Dakshina Kannada,Dakshina Kannada,55,36,14,5,6,3,3,0,,
281,KA,Karnataka,KA_Davanagere,Davanagere,113,95,14,4,3,-2,5,0,,
282,KA,Karnataka,KA_Dharwad,Dharwad,31,22,9,0,5,5,0,0,,
283,KA,Karnataka,KA_Gadag,Gadag,20,15,4,1,2,2,0,0,,
284,KA,Karnataka,KA_Hassan,Hassan,67,67,0,0,13,13,0,0,,
285,KA,Karnataka,KA_Haveri,Haveri,3,3,0,0,0,0,0,0,,
286,KA,Karnataka,KA_Kalaburagi,Kalaburagi,135,73,55,7,0,0,0,0,,
287,KA,Karnataka,KA_Kodagu,Kodagu,2,1,1,0,0,0,0,0,,
288,KA,Karnataka,KA_Kolar,Kolar,11,11,0,0,2,2,0,0,,
289,KA,Karnataka,KA_Koppal,Koppal,3,3,0,0,0,0,0,0,,
290,KA,Karnataka,KA_Mandya,Mandya,201,176,25,0,33,32,1,0,,
291,KA,Karnataka,KA_Mysuru,Mysuru,90,2,88,0,1,1,0,0,,
0,KA,Karnataka,KA_Other State,Other State,22,1,20,1,0,0,0,0,,
292,KA,Karnataka,KA_Raichur,Raichur,16,16,0,0,5,5,0,0,,
293,KA,Karnataka,KA_Ramanagara,Ramanagara,0,0,0,0,0,0,0,0,,
294,KA,Karnataka,KA_Shivamogga,Shivamogga,32,32,0,0,6,6,0,0,,
295,KA,Karnataka,KA_Tumakuru,Tumakuru,16,9,5,2,1,1,0,0,,
296,KA,Karnataka,KA_Udupi,Udupi,47,43,3,1,26,26,0,0,,
297,KA,Karnataka,KA_Uttara Kannada,Uttara Kannada,65,53,12,0,9,9,0,0,,
298,KA,Karnataka,KA_Vijayapura,Vijayapura,61,20,37,4,1,1,0,0,,
299,KA,Karnataka,KA_Yadgir,Yadgir,12,12,0,0,0,0,0,0,,
300,KL,Kerala,KL_Alappuzha,Alappuzha,13,8,5,0,2,2,0,0,,
301,KL,Kerala,KL_Ernakulam,Ernakulam,30,6,23,1,0,0,0,0,,
302,KL,Kerala,KL_Idukki,Idukki,25,2,23,0,1,1,0,0,,
303,KL,Kerala,KL_Kannur,Kannur,136,19,116,1,4,4,0,0,,
304,KL,Kerala,KL_Kasaragod,Kasaragod,199,19,180,0,1,1,0,0,,
305,KL,Kerala,KL_Kollam,Kollam,30,10,20,0,2,2,0,0,,
306,KL,Kerala,KL_Kottayam,Kottayam,28,6,22,0,3,2,1,0,,
307,KL,Kerala,KL_Kozhikode,Kozhikode,37,12,25,0,0,-1,1,0,,
308,KL,Kerala,KL_Malappuram,Malappuram,60,34,25,1,5,3,2,0,,
309,KL,Kerala,KL_Palakkad,Palakkad,34,21,13,0,1,1,0,0,,
310,KL,Kerala,KL_Pathanamthitta,Pathanamthitta,24,7,17,0,0,0,0,0,,
311,KL,Kerala,KL_Thiruvananthapuram,Thiruvananthapuram,24,7,16,1,2,2,0,0,,
312,KL,Kerala,KL_Thrissur,Thrissur,30,15,15,0,3,3,0,0,,
313,KL,Kerala,KL_Wayanad,Wayanad,21,11,10,0,0,-4,4,0,,
314,LA,Ladakh,LA_Kargil,Kargil,9,0,9,0,0,0,0,0,,
315,LA,Ladakh,LA_Leh,Leh,35,1,34,0,0,0,0,0,,
316,LD,Lakshadweep,LD_Lakshadweep,Lakshadweep,0,0,0,0,0,0,0,0,,
369,MH,Maharashtra,MH_Ahmednagar,Ahmednagar,66,18,43,5,2,2,0,0,,
370,MH,Maharashtra,MH_Akola,Akola,344,207,120,17,34,34,0,0,,
371,MH,Maharashtra,MH_Amravati,Amravati,140,60,66,14,17,17,0,0,,
372,MH,Maharashtra,MH_Aurangabad,Aurangabad,1126,676,411,39,44,41,0,3,,
374,MH,Maharashtra,MH_Beed,Beed,13,12,1,0,8,8,0,0,,
373,MH,Maharashtra,MH_Bhandara,Bhandara,9,8,1,0,2,2,0,0,,
375,MH,Maharashtra,MH_Buldhana,Buldhana,38,11,24,3,4,4,0,0,,
376,MH,Maharashtra,MH_Chandrapur,Chandrapur,15,11,4,0,10,10,0,0,,
377,MH,Maharashtra,MH_Dhule,Dhule,95,39,47,9,11,11,0,0,,
378,MH,Maharashtra,MH_Gadchiroli,Gadchiroli,7,7,0,0,1,1,0,0,,
379,MH,Maharashtra,MH_Gondia,Gondia,3,2,1,0,0,0,0,0,,
380,MH,Maharashtra,MH_Hingoli,Hingoli,110,24,86,0,3,3,0,0,,
381,MH,Maharashtra,MH_Jalgaon,Jalgaon,331,178,120,33,28,28,0,0,,
382,MH,Maharashtra,MH_Jalna,Jalna,43,35,8,0,5,5,0,0,,
383,MH,Maharashtra,MH_Kolhapur,Kolhapur,161,149,11,1,22,22,0,0,,
384,MH,Maharashtra,MH_Latur,Latur,54,24,28,2,4,4,0,0,,
385,MH,Maharashtra,MH_Mumbai,Mumbai,25500,19916,4702,882,1382,1341,0,41,,
386,MH,Maharashtra,MH_Mumbai Suburban,Mumbai Suburban,0,0,0,0,0,0,0,0,,
387,MH,Maharashtra,MH_Nagpur,Nagpur,437,162,269,6,14,14,0,0,,
388,MH,Maharashtra,MH_Nanded,Nanded,92,54,34,4,12,12,0,0,,
389,MH,Maharashtra,MH_Nandurbar,Nandurbar,26,4,20,2,1,1,0,0,,
390,MH,Maharashtra,MH_Nashik,Nashik,907,223,639,45,39,30,0,9,,
391,MH,Maharashtra,MH_Osmanabad,Osmanabad,19,15,4,0,8,8,0,0,,
0,MH,Maharashtra,MH_Other State,Other State,48,37,0,11,0,0,0,0,,
392,MH,Maharashtra,MH_Palghar,Palghar,527,336,177,14,52,52,0,0,,
393,MH,Maharashtra,MH_Parbhani,Parbhani,18,16,1,1,9,9,0,0,,
394,MH,Maharashtra,MH_Pune,Pune,4665,2557,1874,234,188,180,0,8,,
395,MH,Maharashtra,MH_Raigad,Raigad,556,426,114,16,24,24,0,0,,
396,MH,Maharashtra,MH_Ratnagiri,Ratnagiri,123,88,32,3,7,7,0,0,,
397,MH,Maharashtra,MH_Sangli,Sangli,63,29,33,1,6,6,0,0,,
398,MH,Maharashtra,MH_Satara,Satara,184,87,95,2,14,14,0,0,,
399,MH,Maharashtra,MH_Sindhudurg,Sindhudurg,10,6,4,0,0,0,0,0,,
400,MH,Maharashtra,MH_Solapur,Solapur,522,338,156,28,17,16,0,1,,
401,MH,Maharashtra,MH_Thane,Thane,5268,4084,1103,81,368,366,0,2,,
402,MH,Maharashtra,MH_Wardha,Wardha,3,2,0,1,0,0,0,0,,
403,MH,Maharashtra,MH_Washim,Washim,8,7,1,0,0,0,0,0,,
404,MH,Maharashtra,MH_Yavatmal,Yavatmal,111,22,89,0,9,9,0,0,,
421,ML,Meghalaya,ML_East Garo Hills,East Garo Hills,0,0,0,0,0,0,0,0,,
422,ML,Meghalaya,ML_East Jaintia Hills,East Jaintia Hills,0,0,0,0,0,0,0,0,,
423,ML,Meghalaya,ML_East Khasi Hills,East Khasi Hills,13,0,12,1,0,0,0,0,,
424,ML,Meghalaya,ML_North Garo Hills,North Garo Hills,0,0,0,0,0,0,0,0,,
425,ML,Meghalaya,ML_Ribhoi,Ribhoi,0,0,0,0,0,0,0,0,,
426,ML,Meghalaya,ML_South Garo Hills,South Garo Hills,0,0,0,0,0,0,0,0,,
427,ML,Meghalaya,ML_South West Garo Hills,South West Garo Hills,0,0,0,0,0,0,0,0,,
428,ML,Meghalaya,ML_South West Khasi Hills,South West Khasi Hills,0,0,0,0,0,0,0,0,,
429,ML,Meghalaya,ML_West Garo Hills,West Garo Hills,1,1,0,0,0,0,0,0,,
430,ML,Meghalaya,ML_West Jaintia Hills,West Jaintia Hills,0,0,0,0,0,0,0,0,,
431,ML,Meghalaya,ML_West Khasi Hills,West Khasi Hills,0,0,0,0,0,0,0,0,,
405,MN,Manipur,MN_Bishnupur,Bishnupur,0,0,0,0,0,0,0,0,,
406,MN,Manipur,MN_Chandel,Chandel,0,0,0,0,0,0,0,0,,
407,MN,Manipur,MN_Churachandpur,Churachandpur,16,16,0,0,0,0,0,0,,
408,MN,Manipur,MN_Imphal East,Imphal East,3,2,1,0,0,0,0,0,,
409,MN,Manipur,MN_Imphal West,Imphal West,5,4,1,0,0,0,0,0,,
410,MN,Manipur,MN_Jiribam,Jiribam,0,0,0,0,0,0,0,0,,
411,MN,Manipur,MN_Kakching,Kakching,0,0,0,0,0,0,0,0,,
412,MN,Manipur,MN_Kamjong,Kamjong,0,0,0,0,0,0,0,0,,
413,MN,Manipur,MN_Kangpokpi,Kangpokpi,0,0,0,0,0,0,0,0,,
414,MN,Manipur,MN_Noney,Noney,0,0,0,0,0,0,0,0,,
415,MN,Manipur,MN_Pherzawl,Pherzawl,0,0,0,0,0,0,0,0,,
416,MN,Manipur,MN_Senapati,Senapati,0,0,0,0,0,0,0,0,,
417,MN,Manipur,MN_Tamenglong,Tamenglong,0,0,0,0,0,0,0,0,,
418,MN,Manipur,MN_Tengnoupal,Tengnoupal,0,0,0,0,0,0,0,0,,
419,MN,Manipur,MN_Thoubal,Thoubal,0,0,0,0,0,0,0,0,,
420,MN,Manipur,MN_Ukhrul,Ukhrul,0,0,0,0,0,0,0,0,,
317,MP,Madhya Pradesh,MP_Agar Malwa,Agar Malwa,13,0,12,1,0,0,0,0,,
318,MP,Madhya Pradesh,MP_Alirajpur,Alirajpur,3,0,3,0,0,0,0,0,,
319,MP,Madhya Pradesh,MP_Anuppur,Anuppur,3,0,3,0,0,0,0,0,,
320,MP,Madhya Pradesh,MP_Ashoknagar,Ashoknagar,6,4,1,1,1,0,1,0,,
321,MP,Madhya Pradesh,MP_Balaghat,Balaghat,1,1,0,0,1,1,0,0,,
322,MP,Madhya Pradesh,MP_Barwani,Barwani,39,13,26,0,5,5,0,0,,
323,MP,Madhya Pradesh,MP_Betul,Betul,9,8,1,0,0,0,0,0,,
324,MP,Madhya Pradesh,MP_Bhind,Bhind,42,42,0,0,4,4,0,0,,
325,MP,Madhya Pradesh,MP_Bhopal,Bhopal,1115,385,690,40,27,7,20,0,,
326,MP,Madhya Pradesh,MP_Burhanpur,Burhanpur,206,162,33,11,12,12,0,0,,
327,MP,Madhya Pradesh,MP_Chhatarpur,Chhatarpur,2,2,0,0,0,0,0,0,,
328,MP,Madhya Pradesh,MP_Chhindwara,Chhindwara,5,0,4,1,0,0,0,0,,
329,MP,Madhya Pradesh,MP_Damoh,Damoh,6,6,0,0,1,1,0,0,,
330,MP,Madhya Pradesh,MP_Datia,Datia,4,4,0,0,1,1,0,0,,
331,MP,Madhya Pradesh,MP_Dewas,Dewas,69,24,37,8,3,-7,10,0,,
332,MP,Madhya Pradesh,MP_Dhar,Dhar,107,25,80,2,0,0,0,0,,
333,MP,Madhya Pradesh,MP_Dindori,Dindori,4,3,1,0,0,0,0,0,,
335,MP,Madhya Pradesh,MP_Guna,Guna,1,1,0,0,0,0,0,0,,
336,MP,Madhya Pradesh,MP_Gwalior,Gwalior,83,55,27,1,6,2,4,0,,
337,MP,Madhya Pradesh,MP_Harda,Harda,3,0,3,0,0,0,0,0,,
338,MP,Madhya Pradesh,MP_Hoshangabad,Hoshangabad,37,1,33,3,0,0,0,0,,
339,MP,Madhya Pradesh,MP_Indore,Indore,2774,1454,1213,107,59,18,39,2,,
340,MP,Madhya Pradesh,MP_Jabalpur,Jabalpur,192,69,114,9,6,-1,7,0,,
341,MP,Madhya Pradesh,MP_Jhabua,Jhabua,11,9,1,1,0,0,0,0,,
342,MP,Madhya Pradesh,MP_Katni,Katni,0,0,0,0,0,0,0,0,,
334,MP,Madhya Pradesh,MP_Khandwa,Khandwa,208,117,81,10,22,20,2,0,,
368,MP,Madhya Pradesh,MP_Khargone,Khargone,114,19,87,8,0,0,0,0,,
343,MP,Madhya Pradesh,MP_Mandla,Mandla,1,1,0,0,0,0,0,0,,
344,MP,Madhya Pradesh,MP_Mandsaur,Mandsaur,82,38,38,6,3,-5,8,0,,
345,MP,Madhya Pradesh,MP_Morena,Morena,58,33,25,0,14,13,1,0,,
346,MP,Madhya Pradesh,MP_Narsinghpur,Narsinghpur,0,0,0,0,0,0,0,0,,
347,MP,Madhya Pradesh,MP_Neemuch,Neemuch,58,47,9,2,8,7,0,1,,
348,MP,Madhya Pradesh,MP_Niwari,Niwari,0,0,0,0,0,0,0,0,,
0,MP,Madhya Pradesh,MP_Other Region,Other Region,0,0,0,0,0,0,0,0,,
349,MP,Madhya Pradesh,MP_Panna,Panna,3,2,1,0,0,0,0,0,,
350,MP,Madhya Pradesh,MP_Raisen,Raisen,67,3,61,3,0,0,0,0,,
351,MP,Madhya Pradesh,MP_Rajgarh,Rajgarh,2,2,0,0,1,1,0,0,,
352,MP,Madhya Pradesh,MP_Ratlam,Ratlam,29,3,26,0,1,1,0,0,,
353,MP,Madhya Pradesh,MP_Rewa,Rewa,22,20,1,1,-3,-3,0,0,,
354,MP,Madhya Pradesh,MP_Sagar,Sagar,51,44,5,2,7,7,0,0,,
355,MP,Madhya Pradesh,MP_Satna,Satna,10,7,2,1,0,0,0,0,,
356,MP,Madhya Pradesh,MP_Sehore,Sehore,5,4,0,1,0,0,0,0,,
357,MP,Madhya Pradesh,MP_Seoni,Seoni,1,1,0,0,0,0,0,0,,
358,MP,Madhya Pradesh,MP_Shahdol,Shahdol,4,1,3,0,1,1,0,0,,
359,MP,Madhya Pradesh,MP_Shajapur,Shajapur,9,1,7,1,1,1,0,0,,
360,MP,Madhya Pradesh,MP_Sheopur,Sheopur,5,1,4,0,0,0,0,0,,
361,MP,Madhya Pradesh,MP_Shivpuri,Shivpuri,4,1,3,0,1,0,1,0,,
362,MP,Madhya Pradesh,MP_Sidhi,Sidhi,8,8,0,0,3,3,0,0,,
363,MP,Madhya Pradesh,MP_Singrauli,Singrauli,1,1,0,0,0,0,0,0,,
364,MP,Madhya Pradesh,MP_Tikamgarh,Tikamgarh,6,3,3,0,0,0,0,0,,
365,MP,Madhya Pradesh,MP_Ujjain,Ujjain,481,237,193,51,61,43,17,1,,
366,MP,Madhya Pradesh,MP_Umaria,Umaria,1,1,0,0,0,0,0,0,,
367,MP,Madhya Pradesh,MP_Vidisha,Vidisha,16,3,13,0,0,0,0,0,,
432,MZ,Mizoram,MZ_Aizawl,Aizawl,1,0,1,0,0,0,0,0,,
433,MZ,Mizoram,MZ_Champhai,Champhai,0,0,0,0,0,0,0,0,,
729,MZ,Mizoram,MZ_Hnahthial,Hnahthial,0,0,0,0,0,0,0,0,,
730,MZ,Mizoram,MZ_Khawzawl,Khawzawl,0,0,0,0,0,0,0,0,,
434,MZ,Mizoram,MZ_Kolasib,Kolasib,0,0,0,0,0,0,0,0,,
435,MZ,Mizoram,MZ_Lawngtlai,Lawngtlai,0,0,0,0,0,0,0,0,,
436,MZ,Mizoram,MZ_Lunglei,Lunglei,0,0,0,0,0,0,0,0,,
437,MZ,Mizoram,MZ_Mamit,Mamit,0,0,0,0,0,0,0,0,,
438,MZ,Mizoram,MZ_Saiha,Saiha,0,0,0,0,0,0,0,0,,
728,MZ,Mizoram,MZ_Saitual,Saitual,0,0,0,0,0,0,0,0,,
439,MZ,Mizoram,MZ_Serchhip,Serchhip,0,0,0,0,0,0,0,0,,
440,NL,Nagaland,NL_Dimapur,Dimapur,0,0,0,0,0,0,0,0,,
441,NL,Nagaland,NL_Kiphire,Kiphire,0,0,0,0,0,0,0,0,,
442,NL,Nagaland,NL_Kohima,Kohima,0,0,0,0,0,0,0,0,,
443,NL,Nagaland,NL_Longleng,Longleng,0,0,0,0,0,0,0,0,,
444,NL,Nagaland,NL_Mokokchung,Mokokchung,0,0,0,0,0,0,0,0,,
445,NL,Nagaland,NL_Mon,Mon,0,0,0,0,0,0,0,0,,
446,NL,Nagaland,NL_Peren,Peren,0,0,0,0,0,0,0,0,,
447,NL,Nagaland,NL_Phek,Phek,0,0,0,0,0,0,0,0,,
448,NL,Nagaland,NL_Tuensang,Tuensang,0,0,0,0,0,0,0,0,,
449,NL,Nagaland,NL_Wokha,Wokha,0,0,0,0,0,0,0,0,,
450,NL,Nagaland,NL_Zunheboto,Zunheboto,0,0,0,0,0,0,0,0,,
451,OR,Odisha,OR_Angul,Angul,19,19,0,0,2,2,0,0,,
452,OR,Odisha,OR_Balangir,Balangir,6,4,2,0,0,0,0,0,,
453,OR,Odisha,OR_Balasore,Balasore,122,80,42,0,0,-15,15,0,,
454,OR,Odisha,OR_Bargarh,Bargarh,0,0,0,0,0,0,0,0,,
456,OR,Odisha,OR_Bhadrak,Bhadrak,95,65,30,0,0,-5,5,0,,
455,OR,Odisha,OR_Boudh,Boudh,33,30,3,0,0,-3,3,0,,
457,OR,Odisha,OR_Cuttack,Cuttack,45,42,2,1,9,9,0,0,,
458,OR,Odisha,OR_Deogarh,Deogarh,2,1,1,0,0,0,0,0,,
459,OR,Odisha,OR_Dhenkanal,Dhenkanal,2,1,1,0,0,0,0,0,,
460,OR,Odisha,OR_Gajapati,Gajapati,0,0,0,0,0,0,0,0,,
461,OR,Odisha,OR_Ganjam,Ganjam,317,160,154,3,4,-19,22,1,,
462,OR,Odisha,OR_Jagatsinghpur,Jagatsinghpur,30,25,5,0,2,2,0,0,,
463,OR,Odisha,OR_Jajpur,Jajpur,179,116,63,0,5,2,3,0,,
464,OR,Odisha,OR_Jharsuguda,Jharsuguda,2,0,2,0,0,0,0,0,,
465,OR,Odisha,OR_Kalahandi,Kalahandi,13,11,2,0,11,11,0,0,,
466,OR,Odisha,OR_Kandhamal,Kandhamal,3,3,0,0,0,0,0,0,,
467,OR,Odisha,OR_Kendrapara,Kendrapara,40,32,8,0,0,0,0,0,,
468,OR,Odisha,OR_Kendujhar,Kendujhar,8,6,2,0,0,0,0,0,,
469,OR,Odisha,OR_Khordha,Khordha,71,20,48,3,0,0,0,0,,
470,OR,Odisha,OR_Koraput,Koraput,1,0,1,0,0,0,0,0,,
471,OR,Odisha,OR_Malkangiri,Malkangiri,3,3,0,0,1,1,0,0,,
472,OR,Odisha,OR_Mayurbhanj,Mayurbhanj,14,6,8,0,3,2,1,0,,
473,OR,Odisha,OR_Nabarangapur,Nabarangapur,0,0,0,0,0,0,0,0,,
474,OR,Odisha,OR_Nayagarh,Nayagarh,21,20,1,0,11,11,0,0,,
475,OR,Odisha,OR_Nuapada,Nuapada,0,0,0,0,0,0,0,0,,
476,OR,Odisha,OR_Puri,Puri,45,42,3,0,1,1,0,0,,
477,OR,Odisha,OR_Rayagada,Rayagada,0,0,0,0,0,0,0,0,,
478,OR,Odisha,OR_Sambalpur,Sambalpur,5,5,0,0,2,2,0,0,,
479,OR,Odisha,OR_Subarnapur,Subarnapur,0,0,0,0,0,0,0,0,,
480,OR,Odisha,OR_Sundargarh,Sundargarh,27,12,15,0,0,-1,1,0,,
485,PB,Punjab,PB_Amritsar,Amritsar,313,13,295,5,5,4,0,1,,
486,PB,Punjab,PB_Barnala,Barnala,22,1,20,1,1,1,0,0,,
487,PB,Punjab,PB_Bathinda,Bathinda,41,4,37,0,0,0,0,0,,
488,PB,Punjab,PB_Faridkot,Faridkot,61,16,45,0,0,0,0,0,,
489,PB,Punjab,PB_Fatehgarh Sahib,Fatehgarh Sahib,56,2,54,0,0,0,0,0,,
490,PB,Punjab,PB_Fazilka,Fazilka,44,3,41,0,0,-2,2,0,,
491,PB,Punjab,PB_Ferozepur,Ferozepur,44,0,43,1,0,0,0,0,,
492,PB,Punjab,PB_Gurdaspur,Gurdaspur,129,5,121,3,4,4,0,0,,
493,PB,Punjab,PB_Hoshiarpur,Hoshiarpur,102,9,88,5,7,7,0,0,,
494,PB,Punjab,PB_Jalandhar,Jalandhar,210,31,173,6,0,-13,13,0,,
495,PB,Punjab,PB_Kapurthala,Kapurthala,34,1,30,3,1,1,0,0,,
496,PB,Punjab,PB_Ludhiana,Ludhiana,171,47,117,7,2,2,0,0,,
497,PB,Punjab,PB_Mansa,Mansa,32,10,22,0,0,0,0,0,,
498,PB,Punjab,PB_Moga,Moga,59,0,59,0,0,0,0,0,,
499,PB,Punjab,PB_Pathankot,Pathankot,31,2,28,1,2,2,0,0,,
500,PB,Punjab,PB_Patiala,Patiala,104,4,98,2,1,1,0,0,,
501,PB,Punjab,PB_Rupnagar,Rupnagar,60,7,52,1,0,0,0,0,,
502,PB,Punjab,PB_S.A.S. Nagar,S.A.S. Nagar,102,0,99,3,0,-2,2,0,,
503,PB,Punjab,PB_Sangrur,Sangrur,88,1,87,0,0,0,0,0,,
504,PB,Punjab,PB_Shahid Bhagat Singh Nagar,Shahid Bhagat Singh Nagar,105,6,98,1,0,0,0,0,,
505,PB,Punjab,PB_Sri Muktsar Sahib,Sri Muktsar Sahib,65,7,58,0,0,-8,8,0,,
506,PB,Punjab,PB_Tarn Taran,Tarn Taran,155,1,154,0,0,0,0,0,,
481,PY,Puducherry,PY_Karaikal,Karaikal,2,1,1,0,0,0,0,0,,
482,PY,Puducherry,PY_Mahe,Mahe,3,1,2,0,0,0,0,0,,
483,PY,Puducherry,PY_Puducherry,Puducherry,18,11,7,0,0,0,0,0,,
484,PY,Puducherry,PY_Yanam,Yanam,0,0,0,0,0,0,0,0,,
507,RJ,Rajasthan,RJ_Ajmer,Ajmer,273,40,228,5,7,-6,13,0,,
508,RJ,Rajasthan,RJ_Alwar,Alwar,40,10,28,2,4,-11,15,0,,
509,RJ,Rajasthan,RJ_Banswara,Banswara,75,8,66,1,0,0,0,0,,
510,RJ,Rajasthan,RJ_Baran,Baran,5,1,4,0,0,0,0,0,,
511,RJ,Rajasthan,RJ_Barmer,Barmer,56,55,1,0,6,6,0,0,,
512,RJ,Rajasthan,RJ_Bharatpur,Bharatpur,130,11,115,4,1,0,0,1,,
513,RJ,Rajasthan,RJ_Bhilwara,Bhilwara,92,47,43,2,10,10,0,0,,
514,RJ,Rajasthan,RJ_Bikaner,Bikaner,71,31,37,3,6,6,0,0,,
0,RJ,Rajasthan,RJ_BSF Camp,BSF Camp,50,8,42,0,0,0,0,0,,
515,RJ,Rajasthan,RJ_Bundi,Bundi,0,0,0,0,0,0,0,0,,
516,RJ,Rajasthan,RJ_Chittorgarh,Chittorgarh,168,59,107,2,1,1,0,0,,
517,RJ,Rajasthan,RJ_Churu,Churu,60,45,14,1,8,8,0,0,,
518,RJ,Rajasthan,RJ_Dausa,Dausa,39,14,25,0,0,0,0,0,,
519,RJ,Rajasthan,RJ_Dholpur,Dholpur,28,18,10,0,0,0,0,0,,
520,RJ,Rajasthan,RJ_Dungarpur,Dungarpur,275,267,8,0,42,42,0,0,,
0,RJ,Rajasthan,RJ_Evacuees,Evacuees,61,0,61,0,0,0,0,0,,
521,RJ,Rajasthan,RJ_Ganganagar,Ganganagar,1,1,0,0,0,0,0,0,,
522,RJ,Rajasthan,RJ_Hanumangarh,Hanumangarh,14,1,13,0,0,0,0,0,,
0,RJ,Rajasthan,RJ_Italians,Italians,2,0,2,0,0,0,0,0,,
523,RJ,Rajasthan,RJ_Jaipur,Jaipur,1686,549,1062,75,21,-9,28,2,,
524,RJ,Rajasthan,RJ_Jaisalmer,Jaisalmer,61,26,35,0,2,2,0,0,,
525,RJ,Rajasthan,RJ_Jalore,Jalore,130,124,4,2,22,21,1,0,,
526,RJ,Rajasthan,RJ_Jhalawar,Jhalawar,52,5,47,0,1,1,0,0,,
527,RJ,Rajasthan,RJ_Jhunjhunu,Jhunjhunu,71,22,49,0,2,0,2,0,,
528,RJ,Rajasthan,RJ_Jodhpur,Jodhpur,1142,270,856,16,14,-8,22,0,,
529,RJ,Rajasthan,RJ_Karauli,Karauli,10,4,4,2,0,0,0,0,,
530,RJ,Rajasthan,RJ_Kota,Kota,339,77,248,14,2,2,0,0,,
531,RJ,Rajasthan,RJ_Nagaur,Nagaur,229,98,126,5,16,16,0,0,,
0,RJ,Rajasthan,RJ_Other State,Other State,9,4,0,5,1,1,0,0,,
532,RJ,Rajasthan,RJ_Pali,Pali,227,178,45,4,10,10,0,0,,
533,RJ,Rajasthan,RJ_Pratapgarh,Pratapgarh,10,6,3,1,3,3,0,0,,
534,RJ,Rajasthan,RJ_Rajsamand,Rajsamand,68,42,26,0,7,7,0,0,,
535,RJ,Rajasthan,RJ_Sawai Madhopur,Sawai Madhopur,17,8,8,1,0,0,0,0,,
536,RJ,Rajasthan,RJ_Sikar,Sikar,69,56,9,4,5,4,0,1,,
537,RJ,Rajasthan,RJ_Sirohi,Sirohi,78,73,5,0,8,8,0,0,,
538,RJ,Rajasthan,RJ_Tonk,Tonk,156,13,142,1,0,0,0,0,,
539,RJ,Rajasthan,RJ_Udaipur,Udaipur,433,420,12,1,13,13,0,0,,
540,SK,Sikkim,SK_East District,East District,0,0,0,0,0,0,0,0,,
541,SK,Sikkim,SK_North District,North District,0,0,0,0,0,0,0,0,,
542,SK,Sikkim,SK_South District,South District,0,0,0,0,0,0,0,0,,
543,SK,Sikkim,SK_West District,West District,0,0,0,0,0,0,0,0,,
0,TG,Telangana,TG_Other State,Other State,97,97,0,0,10,10,0,0,,
576,TG,Telangana,TG_Adilabad,Adilabad,21,6,15,0,0,0,0,0,,
577,TG,Telangana,TG_Bhadradri Kothagudem,Bhadradri Kothagudem,4,0,4,0,0,0,0,0,,
578,TG,Telangana,TG_Hyderabad,Hyderabad,1082,754,305,23,26,26,0,0,,
579,TG,Telangana,TG_Jagtial,Jagtial,4,2,2,0,0,0,0,0,,
580,TG,Telangana,TG_Jangaon,Jangaon,3,2,1,0,0,0,0,0,,
581,TG,Telangana,TG_Jayashankar Bhupalapally,Jayashankar Bhupalapally,3,3,0,0,0,0,0,0,,
582,TG,Telangana,TG_Jogulamba Gadwal,Jogulamba Gadwal,45,19,25,1,0,0,0,0,,
583,TG,Telangana,TG_Kamareddy,Kamareddy,12,4,8,0,0,0,0,0,,
584,TG,Telangana,TG_Karimnagar,Karimnagar,19,3,16,0,0,0,0,0,,
585,TG,Telangana,TG_Khammam,Khammam,8,5,3,0,0,0,0,0,,
586,TG,Telangana,TG_Komaram Bheem,Komaram Bheem,7,5,2,0,0,0,0,0,,
587,TG,Telangana,TG_Mahabubabad,Mahabubabad,1,0,1,0,0,0,0,0,,
588,TG,Telangana,TG_Mahabubnagar,Mahabubnagar,11,3,8,0,0,0,0,0,,
589,TG,Telangana,TG_Mancherial,Mancherial,1,0,0,1,0,0,0,0,,
590,TG,Telangana,TG_Medak,Medak,5,1,4,0,0,0,0,0,,
591,TG,Telangana,TG_Medchal Malkajgiri,Medchal Malkajgiri,25,15,9,1,0,0,0,0,,
592,TG,Telangana,TG_Mulugu,Mulugu,2,0,2,0,0,0,0,0,,
593,TG,Telangana,TG_Nagarkurnool,Nagarkurnool,2,0,2,0,0,0,0,0,,
594,TG,Telangana,TG_Nalgonda,Nalgonda,17,5,12,0,0,0,0,0,,
595,TG,Telangana,TG_Narayanpet,Narayanpet,1,0,0,1,0,0,0,0,,
596,TG,Telangana,TG_Nirmal,Nirmal,20,7,13,0,0,0,0,0,,
597,TG,Telangana,TG_Nizamabad,Nizamabad,61,31,30,0,0,0,0,0,,
598,TG,Telangana,TG_Peddapalli,Peddapalli,2,1,1,0,0,0,0,0,,
599,TG,Telangana,TG_Rajanna Sircilla,Rajanna Sircilla,3,1,2,0,0,0,0,0,,
600,TG,Telangana,TG_Ranga Reddy,Ranga Reddy,46,27,17,2,2,2,0,0,,
601,TG,Telangana,TG_Sangareddy,Sangareddy,9,3,6,0,0,0,0,0,,
602,TG,Telangana,TG_Siddipet,Siddipet,1,0,1,0,0,0,0,0,,
603,TG,Telangana,TG_Suryapet,Suryapet,83,59,24,0,0,0,0,0,,
604,TG,Telangana,TG_Vikarabad,Vikarabad,37,21,15,1,0,0,0,0,,
605,TG,Telangana,TG_Wanaparthy,Wanaparthy,0,0,0,0,0,0,0,0,,
606,TG,Telangana,TG_Warangal Rural,Warangal Rural,0,0,0,0,0,0,0,0,,
607,TG,Telangana,TG_Warangal Urban,Warangal Urban,27,4,23,0,0,0,0,0,,
608,TG,Telangana,TG_Yadadri Bhuvanagiri,Yadadri Bhuvanagiri,0,0,0,0,0,0,0,0,,
0,TN,Tamil Nadu,TN_Railway Quarantine,Railway Quarantine,5,5,0,0,2,2,0,0,,
0,TN,Tamil Nadu,TN_Airport Quarantine,Airport Quarantine,61,61,0,0,7,7,0,0,,
0,TN,Tamil Nadu,TN_Other State,Other State,1,0,0,1,0,0,0,0,,
544,TN,Tamil Nadu,TN_Ariyalur,Ariyalur,355,7,348,0,0,-3,3,0,,
732,TN,Tamil Nadu,TN_Chengalpattu,Chengalpattu,651,415,233,3,34,-6,40,0,,
545,TN,Tamil Nadu,TN_Chennai,Chennai,8801,5685,3048,68,567,335,225,7,,
546,TN,Tamil Nadu,TN_Coimbatore,Coimbatore,145,0,144,1,0,0,0,0,,
547,TN,Tamil Nadu,TN_Cuddalore,Cuddalore,421,19,401,1,1,-19,20,0,,
548,TN,Tamil Nadu,TN_Dharmapuri,Dharmapuri,5,1,4,0,0,0,0,0,,
549,TN,Tamil Nadu,TN_Dindigul,Dindigul,132,25,106,1,5,5,0,0,,
550,TN,Tamil Nadu,TN_Erode,Erode,70,0,69,1,0,0,0,0,,
734,TN,Tamil Nadu,TN_Kallakurichi,Kallakurichi,120,62,58,0,8,8,0,0,,
551,TN,Tamil Nadu,TN_Kancheepuram,Kancheepuram,233,103,129,1,13,8,5,0,,
552,TN,Tamil Nadu,TN_Kanyakumari,Kanyakumari,49,25,23,1,0,-3,3,0,,
553,TN,Tamil Nadu,TN_Karur,Karur,80,25,55,0,1,-2,3,0,,
554,TN,Tamil Nadu,TN_Krishnagiri,Krishnagiri,21,3,18,0,0,0,0,0,,
555,TN,Tamil Nadu,TN_Madurai,Madurai,191,80,109,2,19,18,1,0,,
556,TN,Tamil Nadu,TN_Nagapattinam,Nagapattinam,51,6,45,0,0,0,0,0,,
557,TN,Tamil Nadu,TN_Namakkal,Namakkal,77,0,77,0,0,0,0,0,,
564,TN,Tamil Nadu,TN_Nilgiris,Nilgiris,14,2,12,0,0,0,0,0,,
558,TN,Tamil Nadu,TN_Perambalur,Perambalur,139,26,113,0,0,-22,22,0,,
559,TN,Tamil Nadu,TN_Pudukkottai,Pudukkottai,16,9,7,0,3,2,1,0,,
560,TN,Tamil Nadu,TN_Ramanathapuram,Ramanathapuram,39,17,21,1,0,0,0,0,,
733,TN,Tamil Nadu,TN_Ranipet,Ranipet,88,28,60,0,4,2,2,0,,
561,TN,Tamil Nadu,TN_Salem,Salem,49,14,35,0,0,0,0,0,,
562,TN,Tamil Nadu,TN_Sivaganga,Sivaganga,28,15,13,0,2,2,0,0,,
731,TN,Tamil Nadu,TN_Tenkasi,Tenkasi,83,33,50,0,8,6,2,0,,
563,TN,Tamil Nadu,TN_Thanjavur,Thanjavur,80,14,66,0,4,4,0,0,,
565,TN,Tamil Nadu,TN_Theni,Theni,96,51,44,1,4,4,0,0,,
566,TN,Tamil Nadu,TN_Thiruvallur,Thiruvallur,636,414,215,7,42,18,24,0,,
567,TN,Tamil Nadu,TN_Thiruvarur,Thiruvarur,32,0,32,0,0,-2,2,0,,
568,TN,Tamil Nadu,TN_Thoothukkudi,Thoothukkudi,134,103,29,2,22,22,0,0,,
569,TN,Tamil Nadu,TN_Tiruchirappalli,Tiruchirappalli,68,2,66,0,0,0,0,0,,
570,TN,Tamil Nadu,TN_Tirunelveli,Tirunelveli,254,165,88,1,11,1,10,0,,
735,TN,Tamil Nadu,TN_Tirupathur,Tirupathur,30,4,26,0,1,-3,4,0,,
571,TN,Tamil Nadu,TN_Tiruppur,Tiruppur,114,0,114,0,0,0,0,0,,
572,TN,Tamil Nadu,TN_Tiruvannamalai,Tiruvannamalai,170,108,62,0,5,-7,12,0,,
573,TN,Tamil Nadu,TN_Vellore,Vellore,36,7,28,1,1,-1,2,0,,
574,TN,Tamil Nadu,TN_Viluppuram,Viluppuram,323,27,294,2,4,-12,16,0,,
575,TN,Tamil Nadu,TN_Virudhunagar,Virudhunagar,69,29,40,0,8,5,3,0,,
609,TR,Tripura,TR_Dhalai,Dhalai,162,16,146,0,0,-32,32,0,,
610,TR,Tripura,TR_Gomati,Gomati,2,1,1,0,0,0,0,0,,
611,TR,Tripura,TR_Khowai,Khowai,1,1,0,0,0,0,0,0,,
612,TR,Tripura,TR_North Tripura,North Tripura,4,3,1,0,0,0,0,0,,
613,TR,Tripura,TR_Sipahijala,Sipahijala,0,0,0,0,0,0,0,0,,
614,TR,Tripura,TR_South Tripura,South Tripura,0,0,0,0,0,0,0,0,,
615,TR,Tripura,TR_Unokoti,Unokoti,0,0,0,0,0,0,0,0,,
616,TR,Tripura,TR_West Tripura,West Tripura,0,0,0,0,0,0,0,0,,
617,UP,Uttar Pradesh,UP_Agra,Agra,845,142,675,28,9,-42,50,1,,
618,UP,Uttar Pradesh,UP_Aligarh,Aligarh,110,48,53,9,11,10,0,1,,
619,UP,Uttar Pradesh,UP_Ambedkar Nagar,Ambedkar Nagar,31,31,0,0,9,9,0,0,,
620,UP,Uttar Pradesh,UP_Amethi,Amethi,31,27,4,0,5,5,0,0,,
621,UP,Uttar Pradesh,UP_Amroha,Amroha,39,9,29,1,4,4,0,0,,
622,UP,Uttar Pradesh,UP_Auraiya,Auraiya,20,8,12,0,0,0,0,0,,
765,UP,Uttar Pradesh,UP_Ayodhya,Ayodhya,47,45,1,1,19,18,0,1,,
623,UP,Uttar Pradesh,UP_Azamgarh,Azamgarh,31,21,9,1,16,16,0,0,,
624,UP,Uttar Pradesh,UP_Baghpat,Baghpat,27,7,20,0,0,0,0,0,,
625,UP,Uttar Pradesh,UP_Bahraich,Bahraich,66,42,24,0,3,3,0,0,,
626,UP,Uttar Pradesh,UP_Ballia,Ballia,13,13,0,0,0,0,0,0,,
627,UP,Uttar Pradesh,UP_Balrampur,Balrampur,32,31,1,0,0,0,0,0,,
628,UP,Uttar Pradesh,UP_Banda,Banda,22,1,21,0,1,0,1,0,,
629,UP,Uttar Pradesh,UP_Barabanki,Barabanki,133,131,2,0,54,54,0,0,,
630,UP,Uttar Pradesh,UP_Bareilly,Bareilly,26,15,10,1,0,0,0,0,,
631,UP,Uttar Pradesh,UP_Basti,Basti,120,88,30,2,16,16,0,0,,
632,UP,Uttar Pradesh,UP_Bhadohi,Bhadohi,11,8,3,0,2,2,0,0,,
633,UP,Uttar Pradesh,UP_Bijnor,Bijnor,62,19,42,1,4,3,1,0,,
634,UP,Uttar Pradesh,UP_Budaun,Budaun,17,0,17,0,0,0,0,0,,
635,UP,Uttar Pradesh,UP_Bulandshahr,Bulandshahr,103,41,61,1,7,7,0,0,,
636,UP,Uttar Pradesh,UP_Chandauli,Chandauli,15,15,0,0,0,0,0,0,,
637,UP,Uttar Pradesh,UP_Chitrakoot,Chitrakoot,19,10,8,1,3,2,0,1,,
638,UP,Uttar Pradesh,UP_Deoria,Deoria,30,27,3,0,5,5,0,0,,
639,UP,Uttar Pradesh,UP_Etah,Etah,13,2,9,2,0,-1,0,1,,
640,UP,Uttar Pradesh,UP_Etawah,Etawah,20,18,2,0,1,1,0,0,,
642,UP,Uttar Pradesh,UP_Farrukhabad,Farrukhabad,22,22,0,0,2,2,0,0,,
643,UP,Uttar Pradesh,UP_Fatehpur,Fatehpur,29,23,6,0,5,3,2,0,,
644,UP,Uttar Pradesh,UP_Firozabad,Firozabad,204,14,184,6,0,-4,3,1,,
645,UP,Uttar Pradesh,UP_Gautam Buddha Nagar,Gautam Buddha Nagar,312,92,215,5,10,1,9,0,,
646,UP,Uttar Pradesh,UP_Ghaziabad,Ghaziabad,208,49,157,2,9,3,6,0,,
647,UP,Uttar Pradesh,UP_Ghazipur,Ghazipur,61,54,7,0,12,12,0,0,,
648,UP,Uttar Pradesh,UP_Gonda,Gonda,36,22,14,0,0,0,0,0,,
649,UP,Uttar Pradesh,UP_Gorakhpur,Gorakhpur,29,23,3,3,2,0,0,2,,
650,UP,Uttar Pradesh,UP_Hamirpur,Hamirpur,4,3,1,0,2,2,0,0,,
651,UP,Uttar Pradesh,UP_Hapur,Hapur,89,39,49,1,2,-5,7,0,,
652,UP,Uttar Pradesh,UP_Hardoi,Hardoi,22,20,2,0,2,2,0,0,,
653,UP,Uttar Pradesh,UP_Hathras,Hathras,20,2,18,0,0,-9,9,0,,
654,UP,Uttar Pradesh,UP_Jalaun,Jalaun,42,12,28,2,1,-13,14,0,,
655,UP,Uttar Pradesh,UP_Jaunpur,Jaunpur,48,38,10,0,17,17,0,0,,
656,UP,Uttar Pradesh,UP_Jhansi,Jhansi,30,6,20,4,0,-2,2,0,,
657,UP,Uttar Pradesh,UP_Kannauj,Kannauj,28,21,7,0,2,2,0,0,,
658,UP,Uttar Pradesh,UP_Kanpur Dehat,Kanpur Dehat,7,5,1,1,0,0,0,0,,
659,UP,Uttar Pradesh,UP_Kanpur Nagar,Kanpur Nagar,323,26,288,9,5,4,0,1,,
660,UP,Uttar Pradesh,UP_Kasganj,Kasganj,13,10,3,0,0,0,0,0,,
661,UP,Uttar Pradesh,UP_Kaushambi,Kaushambi,45,42,3,0,12,11,1,0,,
663,UP,Uttar Pradesh,UP_Kushinagar,Kushinagar,7,4,2,1,0,0,0,0,,
662,UP,Uttar Pradesh,UP_Lakhimpur Kheri,Lakhimpur Kheri,41,34,7,0,1,-1,2,0,,
664,UP,Uttar Pradesh,UP_Lalitpur,Lalitpur,1,0,0,1,0,0,0,0,,
665,UP,Uttar Pradesh,UP_Lucknow,Lucknow,310,67,241,2,2,-8,9,1,,
667,UP,Uttar Pradesh,UP_Maharajganj,Maharajganj,31,24,7,0,8,8,0,0,,
666,UP,Uttar Pradesh,UP_Mahoba,Mahoba,3,0,2,1,0,0,0,0,,
668,UP,Uttar Pradesh,UP_Mainpuri,Mainpuri,24,14,8,2,0,0,0,0,,
669,UP,Uttar Pradesh,UP_Mathura,Mathura,59,17,38,4,2,1,1,0,,
670,UP,Uttar Pradesh,UP_Mau,Mau,13,12,1,0,9,9,0,0,,
671,UP,Uttar Pradesh,UP_Meerut,Meerut,343,126,196,21,6,-6,12,0,,
672,UP,Uttar Pradesh,UP_Mirzapur,Mirzapur,25,16,9,0,1,1,0,0,,
673,UP,Uttar Pradesh,UP_Moradabad,Moradabad,173,40,122,11,3,2,1,0,,
674,UP,Uttar Pradesh,UP_Muzaffarnagar,Muzaffarnagar,35,10,25,0,1,1,0,0,,
675,UP,Uttar Pradesh,UP_Pilibhit,Pilibhit,35,31,4,0,3,3,0,0,,
676,UP,Uttar Pradesh,UP_Pratapgarh,Pratapgarh,57,43,12,2,1,0,0,1,,
677,UP,Uttar Pradesh,UP_Prayagraj,Prayagraj,58,39,16,3,0,-1,1,0,,
678,UP,Uttar Pradesh,UP_Rae Bareli,Rae Bareli,58,11,47,0,0,0,0,0,,
679,UP,Uttar Pradesh,UP_Rampur,Rampur,105,82,23,0,11,11,0,0,,
680,UP,Uttar Pradesh,UP_Saharanpur,Saharanpur,219,29,190,0,1,1,0,0,,
681,UP,Uttar Pradesh,UP_Sambhal,Sambhal,57,36,21,0,0,0,0,0,,
682,UP,Uttar Pradesh,UP_Sant Kabir Nagar,Sant Kabir Nagar,46,17,25,4,0,0,0,0,,
683,UP,Uttar Pradesh,UP_Shahjahanpur,Shahjahanpur,13,12,1,0,2,2,0,0,,
684,UP,Uttar Pradesh,UP_Shamli,Shamli,37,9,28,0,0,0,0,0,,
685,UP,Uttar Pradesh,UP_Shrawasti,Shrawasti,28,22,5,1,6,6,0,0,,
686,UP,Uttar Pradesh,UP_Siddharthnagar,Siddharthnagar,63,44,19,0,12,12,0,0,,
687,UP,Uttar Pradesh,UP_Sitapur,Sitapur,34,13,21,0,0,0,0,0,,
688,UP,Uttar Pradesh,UP_Sonbhadra,Sonbhadra,3,3,0,0,0,0,0,0,,
689,UP,Uttar Pradesh,UP_Sultanpur,Sultanpur,42,38,4,0,14,14,0,0,,
690,UP,Uttar Pradesh,UP_Unnao,Unnao,16,12,4,0,5,5,0,0,,
691,UP,Uttar Pradesh,UP_Varanasi,Varanasi,124,46,74,4,0,-7,7,0,,
692,UT,Uttarakhand,UT_Almora,Almora,4,3,1,0,1,1,0,0,,
693,UT,Uttarakhand,UT_Bageshwar,Bageshwar,16,16,0,0,14,14,0,0,,
694,UT,Uttarakhand,UT_Chamoli,Chamoli,1,1,0,0,0,0,0,0,,
695,UT,Uttarakhand,UT_Champawat,Champawat,0,0,0,0,0,0,0,0,,
696,UT,Uttarakhand,UT_Dehradun,Dehradun,47,18,28,1,0,0,0,0,,
697,UT,Uttarakhand,UT_Haridwar,Haridwar,10,4,6,0,2,2,0,0,,
698,UT,Uttarakhand,UT_Nainital,Nainital,27,17,10,0,2,2,0,0,,
699,UT,Uttarakhand,UT_Pauri Garhwal,Pauri Garhwal,4,3,1,0,0,0,0,0,,
700,UT,Uttarakhand,UT_Pithoragarh,Pithoragarh,0,0,0,0,0,0,0,0,,
701,UT,Uttarakhand,UT_Rudraprayag,Rudraprayag,0,0,0,0,0,0,0,0,,
702,UT,Uttarakhand,UT_Tehri Garhwal,Tehri Garhwal,0,0,0,0,0,0,0,0,,
703,UT,Uttarakhand,UT_Udham Singh Nagar,Udham Singh Nagar,29,24,5,0,2,2,0,0,,
704,UT,Uttarakhand,UT_Uttarkashi,Uttarkashi,6,6,0,0,3,3,0,0,,
705,WB,West Bengal,WB_Alipurduar,Alipurduar,0,0,0,0,0,0,0,0,,
706,WB,West Bengal,WB_Bankura,Bankura,0,0,0,0,0,0,0,0,,
707,WB,West Bengal,WB_Birbhum,Birbhum,16,10,6,0,0,0,0,0,,
708,WB,West Bengal,WB_Cooch Behar,Cooch Behar,0,0,0,0,0,0,0,0,,
709,WB,West Bengal,WB_Dakshin Dinajpur,Dakshin Dinajpur,3,3,0,0,0,0,0,0,,
710,WB,West Bengal,WB_Darjeeling,Darjeeling,10,4,5,1,0,0,0,0,,
711,WB,West Bengal,WB_Hooghly,Hooghly,157,42,109,6,3,3,0,0,,
712,WB,West Bengal,WB_Howrah,Howrah,658,424,200,34,9,-2,10,1,,
713,WB,West Bengal,WB_Jalpaiguri,Jalpaiguri,4,0,4,0,0,0,0,0,,
714,WB,West Bengal,WB_Jhargram,Jhargram,3,3,0,0,0,0,0,0,,
715,WB,West Bengal,WB_Kalimpong,Kalimpong,7,0,6,1,0,0,0,0,,
716,WB,West Bengal,WB_Kolkata,Kolkata,1549,809,568,172,47,14,30,3,,
717,WB,West Bengal,WB_Malda,Malda,46,36,10,0,0,0,0,0,,
719,WB,West Bengal,WB_Murshidabad,Murshidabad,16,11,4,1,4,4,0,0,,
720,WB,West Bengal,WB_Nadia,Nadia,17,8,9,0,0,-1,1,0,,
721,WB,West Bengal,WB_North 24 Parganas,North 24 Parganas,430,239,156,35,10,5,3,2,,
0,WB,West Bengal,WB_Other State,Other State,25,19,5,1,0,-2,2,0,,
722,WB,West Bengal,WB_Paschim Bardhaman,Paschim Bardhaman,20,8,10,2,1,1,0,0,,
718,WB,West Bengal,WB_Paschim Medinipur,Paschim Medinipur,26,7,19,0,5,5,0,0,,
723,WB,West Bengal,WB_Purba Bardhaman,Purba Bardhaman,20,15,5,0,0,0,0,0,,
724,WB,West Bengal,WB_Purba Medinipur,Purba Medinipur,51,19,31,1,0,-2,2,0,,
725,WB,West Bengal,WB_Purulia,Purulia,0,0,0,0,0,0,0,0,,
726,WB,West Bengal,WB_South 24 Parganas,South 24 Parganas,112,61,46,5,4,-5,9,0,,
727,WB,West Bengal,WB_Uttar Dinajpur,Uttar Dinajpur,16,16,0,0,0,0,0,0,,
728,AN,Andaman and Nicobar Islands,AN_Unknown,Unknown,0,0,0,0,0,0,0,0,,
729,AP,Andhra Pradesh,AP_Unknown,Unknown,45,4,41,0,0,0,0,0,,
730,AR,Arunachal Pradesh,AR_Unknown,Unknown,0,0,0,0,0,0,0,0,,
731,AS,Assam,AS_Unknown,Unknown,5,-1,6,0,0,0,0,0,,
732,BR,Bihar,BR_Unknown,Unknown,197,174,23,0,0,0,0,0,,
733,CH,Chandigarh,CH_Unknown,Unknown,0,0,0,0,0,0,0,0,,
734,CT,Chhattisgarh,CT_Unknown,Unknown,0,0,0,0,0,0,0,0,,
735,DN,Dadra and Nagar Haveli and Daman and Diu,DN_Unknown,Unknown,0,0,0,0,0,0,0,0,,
737,DL,Delhi,DL_Unknown,Unknown,10871,5111,5567,193,0,0,0,0,,
738,GA,Goa,GA_Unknown,Unknown,28,28,0,0,0,0,0,0,,
739,GJ,Gujarat,GJ_Unknown,Unknown,0,0,0,0,0,0,0,0,,
740,HR,Haryana,HR_Unknown,Unknown,0,0,0,0,0,0,0,0,,
741,HP,Himachal Pradesh,HP_Unknown,Unknown,0,0,0,0,0,0,0,0,,
742,JK,Jammu and Kashmir,JK_Unknown,Unknown,0,0,0,0,0,0,0,0,,
743,JH,Jharkhand,JH_Unknown,Unknown,0,0,0,0,0,0,0,0,,
744,KA,Karnataka,KA_Unknown,Unknown,0,0,0,0,0,0,0,0,,
745,KL,Kerala,KL_Unknown,Unknown,0,0,0,0,0,0,0,0,,
746,LA,Ladakh,LA_Unknown,Unknown,0,0,0,0,0,0,0,0,,
747,LD,Lakshadweep,LD_Unknown,Unknown,0,0,0,0,0,0,0,0,,
748,MP,Madhya Pradesh,MP_Unknown,Unknown,0,0,0,0,0,0,0,0,,
749,MH,Maharashtra,MH_Unknown,Unknown,0,-1408,1408,0,0,0,0,0,,
750,MN,Manipur,MN_Unknown,Unknown,1,1,0,0,0,0,0,0,,
751,ML,Meghalaya,ML_Unknown,Unknown,0,0,0,0,0,0,0,0,,
752,MZ,Mizoram,MZ_Unknown,Unknown,0,0,0,0,0,0,0,0,,
753,NL,Nagaland,NL_Unknown,Unknown,0,0,0,0,0,0,0,0,,
754,OR,Odisha,OR_Unknown,Unknown,0,0,0,0,0,0,0,0,,
755,PY,Puducherry,PY_Unknown,Unknown,0,0,0,0,0,0,0,0,,
756,PB,Punjab,PB_Unknown,Unknown,0,0,0,0,0,0,0,0,,
757,RJ,Rajasthan,RJ_Unknown,Unknown,0,0,0,0,0,0,0,0,,
758,SK,Sikkim,SK_Unknown,Unknown,0,0,0,0,0,0,0,0,,
759,TN,Tamil Nadu,TN_Unknown,Unknown,0,0,0,0,0,0,0,0,,
760,TG,Telangana,TG_Unknown,Unknown,40,-460,485,15,0,0,0,0,,
761,TR,Tripura,TR_Unknown,Unknown,6,6,0,0,0,0,0,0,,
762,UP,Uttar Pradesh,UP_Unknown,Unknown,0,0,0,0,0,0,0,0,,
763,UT,Uttarakhand,UT_Unknown,Unknown,2,0,2,0,0,0,0,0,,
764,WB,West Bengal,WB_Unknown,Unknown,11,11,0,0,0,0,0,0,,